key,year,package,id,title,category,primary,relations,evidence_state,plan_discrepancy_mechanism,broad_plan_involved,submission_involved,current_report_cross_document,additional_sensitivity_exclude,rationale,ambiguity,duplicate_of,reportPath,line,evidence_paths
2018::jama.2017.21906::C001,2018,jama.2017.21906,C001,In-hospital beta-blocker adjusted-risk-difference CI endpoint differs between Table 2 and narrative,Statistical reporting inconsistency,S_W,"[""S_W""]",recorded_candidate,,False,True,False,False,The same named adjusted in-hospital beta-blocker result prints different upper risk-difference CI endpoints. The focal mismatch is within the main article.,,,2018/jama.2017.21906/.ai_paper_validation/final_report_1_5_2.md,36,"[""2018/jama.2017.21906/.ai_paper_validation/review_1_5_2/source_inventory.md"", ""2018/jama.2017.21906/.ai_paper_validation/review_1_5_2/verification/evidence_recheck.md""]"
2018::jama.2017.21906::C002,2018,jama.2017.21906,C002,Discharge beta-blocker adjusted point estimates differ between Table 2 and narrative,Cross-document numeric inconsistency,S_W,"[""S_W""]",recorded_candidate,,False,True,False,False,"Table 2 and Results narrative in the same main PDF report discharge beta-blocker RD 6.69 versus 6.63 and OR 1.48 versus 1.47 with identical intervals. Despite its original cross-document category, both discrepant occurrences are within the main article.",,,2018/jama.2017.21906/.ai_paper_validation/final_report_1_5_2.md,69,"[""2018/jama.2017.21906/.ai_paper_validation/review_1_5_2/source_inventory.md"", ""2018/jama.2017.21906/.ai_paper_validation/review_1_5_2/verification/evidence_recheck.md""]"
2018::jama.2017.21906::C003,2018,jama.2017.21906,C003,eTable 1 difference footnote names groups not displayed in the table,"Measure, label, or scale inconsistency",S_W,"[""S_W""]",recorded_candidate,,False,True,False,False,"eTable 1 displays complete- and missing-follow-up groups, but its difference footnote defines an intervention-minus-control contrast. The focal mismatch is within one non-plan results supplement.",,,2018/jama.2017.21906/.ai_paper_validation/final_report_1_5_2.md,102,"[""2018/jama.2017.21906/.ai_paper_validation/review_1_5_2/source_inventory.md"", ""2018/jama.2017.21906/.ai_paper_validation/review_1_5_2/verification/evidence_recheck.md""]"
2018::jama.2017.21906::C004,2018,jama.2017.21906,C004,Reported prespecified age-subgroup boundaries differ from the supplied SAP,Cross-document numeric inconsistency,P_R,"[""P_R""]",recorded_candidate,analysis_specification,True,False,True,False,"The main article calls age strata <50, 50-69, and >=70 prespecified, whereas the supplied SAP specifies two groups split at 65; this is a reported-versus-prespecified subgroup definition discrepancy.","A later or separate prespecification could authorize the published cutpoints; no such dated record is supplied. The SAP age-65 gap is contextual, not a separate counted relationship.",,2018/jama.2017.21906/.ai_paper_validation/final_report_1_5_2.md,135,"[""2018/jama.2017.21906/.ai_paper_validation/review_1_5_2/source_inventory.md"", ""2018/jama.2017.21906/.ai_paper_validation/review_1_5_2/verification/evidence_recheck.md""]"
2018::jama.2017.21906::C005,2018,jama.2017.21906,C005,The named optimal in-hospital medication composite uses different component labels across final-result tables,"Measure, label, or scale inconsistency",S_C,"[""S_C"", ""S_W""]",recorded_candidate,,False,True,True,False,The main article and results-supplement eTable 5 define the medication composite using anticoagulant; eTable 6 in the same results supplement says heparin. The cross-file component mismatch and the eTable 5/eTable 6 within-file mismatch are both substantive.,Mixed cross-file and within-supplement relationship. Heparin may exhaust the operative anticoagulant class; operational equivalence is unknown.,,2018/jama.2017.21906/.ai_paper_validation/final_report_1_5_2.md,168,"[""2018/jama.2017.21906/.ai_paper_validation/review_1_5_2/source_inventory.md"", ""2018/jama.2017.21906/.ai_paper_validation/review_1_5_2/verification/evidence_recheck.md""]"
2018::jama.2017.21906::C006,2018,jama.2017.21906,C006,Hospital-type subgroup is reported as prespecified but is absent from the supplied SAP subgroup list,Cross-document numeric inconsistency,P_R,"[""P_R""]",recorded_candidate,analysis_specification,True,False,True,False,"Hospital type (government/nonprofit/private) is presented as prespecified in the main Figure 3 but absent from the supplied SAP site-level subgroup list. This compares reported prespecification with the plan, not main versus ordinary supplementary results.",An amended or separate plan may account for hospital type; the record establishes differing lists rather than intentional substitution.,,2018/jama.2017.21906/.ai_paper_validation/final_report_1_5_2.md,201,"[""2018/jama.2017.21906/.ai_paper_validation/review_1_5_2/source_inventory.md""]"
2018::jama.2018.0156::C001,2018,jama.2018.0156,C001,Noninferiority narrative reverses the displayed bound direction,Statistical reporting inconsistency,S_W,"[""S_W""]",recorded_candidate,,False,True,False,False,The narrative calls a lower CI limit greater than the threshold although the displayed lower limit is below it; the printed conclusion remains compatible with the displayed values. The focal mismatch is within the main article.,,,2018/jama.2018.0156/.ai_paper_validation/final_report_1_5_2.md,38,"[""2018/jama.2018.0156/.ai_paper_validation/review_1_5_2/source_inventory.md""]"
2018::jama.2018.0156::C002,2018,jama.2018.0156,C002,Centre-5 pause contrast mixes a count outcome with seconds,"Measure, label, or scale inconsistency",S_W,"[""S_W""]",recorded_candidate,,False,True,False,False,A contrast for the number of qualifying pauses is labelled in seconds. The focal mismatch is within the main article.,,,2018/jama.2018.0156/.ai_paper_validation/final_report_1_5_2.md,71,"[""2018/jama.2018.0156/.ai_paper_validation/review_1_5_2/source_inventory.md""]"
2018::jama.2018.0156::C003,2018,jama.2018.0156,C003,PP day-28 survival point difference does not round from the printed inputs,Numeric or arithmetic inconsistency,S_W,"[""S_W""]",recorded_candidate,,False,True,False,False,"The main Table 2 PP-survival difference 0.1 does not round from its displayed 54/995 and 51/943 inputs, which yield 0.0189 percentage points. The SAP rounding sentence is a supporting convention, not a separate reported-versus-plan discrepancy.","The SAP explicitly rounds categorical percentages, not separately differences; an unreported estimator/denominator may explain the displayed 0.1.",,2018/jama.2018.0156/.ai_paper_validation/final_report_1_5_2.md,104,"[""2018/jama.2018.0156/.ai_paper_validation/review_1_5_2/source_inventory.md"", ""2018/jama.2018.0156/.ai_paper_validation/review_1_5_2/verification/evidence_recheck.md""]"
2018::jama.2018.0156::C004,2018,jama.2018.0156,C004,PP day-28 survival confidence interval has an unresolved scale/precision inconsistency,Statistical reporting inconsistency,S_W,"[""S_W""]",recorded_candidate,,False,True,False,False,"The main Table 2 interval -10 to 9.7 has unresolved scale/precision relative to the same row counts, effect scale, and P=.99. SAP CI wording corroborates the general method and does not itself conflict with reported analysis.",The diagnostic Wald interval is not an authoritative replacement; exact source CI construction is absent. Distinct from C003 point-estimate arithmetic although the same row is involved.,,2018/jama.2018.0156/.ai_paper_validation/final_report_1_5_2.md,137,"[""2018/jama.2018.0156/.ai_paper_validation/review_1_5_2/source_inventory.md"", ""2018/jama.2018.0156/.ai_paper_validation/review_1_5_2/verification/evidence_recheck.md""]"
2018::jama.2018.0156::C005,2018,jama.2018.0156,C005,"PP ROSC ETI percentage conflicts with its count, denominator, and signed difference","Denominator, proportion, or total inconsistency",S_W,"[""S_W""]",recorded_candidate,,False,True,False,False,The ETI PP ROSC percentage conflicts with its numerator/denominator and signed BMV-minus-ETI contrast. The focal mismatch is within the main article.,,,2018/jama.2018.0156/.ai_paper_validation/final_report_1_5_2.md,170,"[""2018/jama.2018.0156/.ai_paper_validation/review_1_5_2/source_inventory.md""]"
2018::jama.2018.0156::C006,2018,jama.2018.0156,C006,Main article and eTable report different contributing-centre counts,Cross-document numeric inconsistency,S_C,"[""S_C""]",recorded_candidate,,False,True,True,False,The article reports 20 EMS centres whereas eTable 1 shows 21 contributing investigator-centre rows. The focal comparison is the main article versus a non-plan results supplement.,Twenty EMS centres versus 21 investigator-centre rows may reflect different counting units; no centre-to-investigator crosswalk is supplied.,,2018/jama.2018.0156/.ai_paper_validation/final_report_1_5_2.md,203,"[""2018/jama.2018.0156/.ai_paper_validation/review_1_5_2/source_inventory.md""]"
2018::jama.2018.0156::C007,2018,jama.2018.0156,C007,Published primary-endpoint description omits the amended baseline-disability qualification,"Measure, label, or scale inconsistency",P_R,"[""P_R""]",recorded_candidate,endpoint_definition_window_hierarchy,True,False,True,False,"The main article defines favorable outcome as CPC 1 or 2, while a supplied amended protocol also qualifies baseline-disabled survivors whose disability is unchanged. The potential outcome-definition difference is directly report versus amended plan.",An abbreviated article definition or no affected participants could reconcile the result; aggregate counts cannot establish actual coding or count changes.,,2018/jama.2018.0156/.ai_paper_validation/final_report_1_5_2.md,236,"[""2018/jama.2018.0156/.ai_paper_validation/review_1_5_2/source_inventory.md"", ""2018/jama.2018.0156/.ai_paper_validation/review_1_5_2/verification/evidence_recheck.md""]"
2018::jama.2018.0156::C008,2018,jama.2018.0156,C008,Protocol composite technique-failure definition cannot reconcile with the article’s smaller ETI failure count if they are the same endpoint,"Measure, label, or scale inconsistency",P_R,"[""P_R""]",record_input_error,endpoint_definition_window_hierarchy,True,False,True,True,"A supplied amended protocol defines technique failure as a composite including mortality/regurgitation/procedural failure, while the main Table 3 ETI failure row reports 21/996 without that composite definition. This is a conditional report-versus-plan endpoint/population mismatch.","The failure row may intentionally be procedural-only and uses actual-treatment safety data. The 27-versus-21 aggregate bound assumes participant-set alignment; recheck expressly says that assumption is not mechanically established. Additional source-derivative check: the final card and recheck call 54/1022 ETI deaths, but main native text explicitly labels 54/1022 day-28 survival. Thus the recorded 27-versus-21 mortality bound uses a mislabeled input and is not source-confirmed; the document-role endpoint-definition comparison is retained. Exact main-abstract derivative wording: global survival at day 28 (55/1018 [5.4%] in the BMV group vs 54/1022 [5.3%] in the ETI group).",,2018/jama.2018.0156/.ai_paper_validation/final_report_1_5_2.md,269,"[""2018/jama.2018.0156/.ai_paper_validation/review_1_5_2/source_inventory.md"", ""2018/jama.2018.0156/.ai_paper_validation/review_1_5_2/verification/evidence_recheck.md"", ""2018/jama.2018.0156/.ai_paper_validation/review_1_5_2/preprocessing/native_text/jama_jabre_2018_oi_180004.txt""]"
2018::jama.2018.0948::C001,2018,jama.2018.0948,C001,Inclusive versus exclusive fluid threshold in the SCD definition,"Measure, label, or scale inconsistency",P_R,"[""P_R"", ""S_C""]",recorded_candidate,endpoint_definition_window_hierarchy,True,True,True,False,"The main article uses fluid >=60 mL/kg, while protocol Table 5 and the non-plan results-supplement eTable use >60 for the same SCD component. The article is discrepant with both the plan and ordinary results supplement.",Mixed reported-versus-plan and submitted cross-file definition discrepancy; operative rule and any exact-boundary cases are unknown.,,2018/jama.2018.0948/.ai_paper_validation/final_report_1_5_2.md,65,"[""2018/jama.2018.0948/.ai_paper_validation/review_1_5_2/source_inventory.md"", ""2018/jama.2018.0948/.ai_paper_validation/review_1_5_2/candidate_ledger.md""]"
2018::jama.2018.0948::C002,2018,jama.2018.0948,C002,Mortality absolute-risk-reduction percent/unit conflict,Cross-document numeric inconsistency,P_P,"[""P_P""]",recorded_candidate,,True,False,False,False,"The protocol appendix gives 0.9% for an approximately 18% reduction from 5.1 deaths/1000, whereas other passages in the same protocol give 0.9/1000 or 0.09%. The article repeats the coherent planning value and corroborates the internal plan unit-conversion defect; it is not counted as a separate plan-versus-report change.","Boundary decision: P_P only. Counting every transitive numerical disagreement would also involve the article, but the recorded issue is the internal planning percent/unit typo.",,2018/jama.2018.0948/.ai_paper_validation/final_report_1_5_2.md,98,"[""2018/jama.2018.0948/.ai_paper_validation/review_1_5_2/source_inventory.md"", ""2018/jama.2018.0948/.ai_paper_validation/review_1_5_2/candidate_ledger.md""]"
2018::jama.2018.0948::C003,2018,jama.2018.0948,C003,Cardiac-arrest events assigned incompatible resuscitation-scale categories,"Measure, label, or scale inconsistency",P_P,"[""P_P""]",recorded_candidate,,True,False,False,False,"Cardiac-arrest events are described as categories 6/7 but a Table 6 legend calls events including cardiac arrest 4/5. The focal discrepancy is internal to the protocol/SAP material, including plan-version passages in a bound bundle.",,,2018/jama.2018.0948/.ai_paper_validation/final_report_1_5_2.md,131,"[""2018/jama.2018.0948/.ai_paper_validation/review_1_5_2/source_inventory.md"", ""2018/jama.2018.0948/.ai_paper_validation/review_1_5_2/candidate_ledger.md""]"
2018::jama.2018.0948::C004,2018,jama.2018.0948,C004,Preventability threshold excludes and includes rating 4,"Measure, label, or scale inconsistency",P_P,"[""P_P""]",recorded_candidate,,True,False,False,False,"Protocol p11 says >4 and immediately lists ratings 4, 5, 6; its own Table 7 says >=4. The main article and results supplement corroborate the inclusive list. The focal operator/list contradiction is internal to the protocol.",Boundary decision: P_P only; final reporting corroborates the internally stated >=4 rule. The actual rating-4 event classification is unknown.,,2018/jama.2018.0948/.ai_paper_validation/final_report_1_5_2.md,164,"[""2018/jama.2018.0948/.ai_paper_validation/review_1_5_2/source_inventory.md"", ""2018/jama.2018.0948/.ai_paper_validation/review_1_5_2/verification/evidence_recheck.md"", ""2018/jama.2018.0948/.ai_paper_validation/review_1_5_2/candidate_ledger.md""]"
2018::jama.2018.0948::C005,2018,jama.2018.0948,C005,The same SCDE reference count is labelled annual and two-year,"Denominator, proportion, or total inconsistency",P_B,"[""P_B""]",recorded_candidate,,True,False,False,False,"The same historical Ontario four-hospital 1052 urgent ICU/PICU admissions count is called annual in protocol power-assumption text and two-year in the historical reference-data appendix. The conflicting quantity is a prior-data observation period reused as a planning input, so P_B distinguishes it from the current trial plan or report.","Historical evidence inside protocol. The p14 planning context uses this historical count, but the candidate does not independently challenge a prospective power calculation. Year-stratified data are absent.",,2018/jama.2018.0948/.ai_paper_validation/final_report_1_5_2.md,197,"[""2018/jama.2018.0948/.ai_paper_validation/review_1_5_2/source_inventory.md"", ""2018/jama.2018.0948/.ai_paper_validation/review_1_5_2/candidate_ledger.md"", ""2018/jama.2018.0948/.ai_paper_validation/review_1_5_2/preprocessing/native_text/joi180015supp1_prod.txt""]"
2018::jama.2018.0948::C006,2018,jama.2018.0948,C006,Stat-call absolute reduction does not reproduce from the printed inputs,Numeric or arithmetic inconsistency,P_P,"[""P_P""]",recorded_candidate,,True,False,False,False,"The printed stat-call absolute reduction does not reproduce from the displayed baseline rate and relative reduction. The focal discrepancy is internal to the protocol/SAP material, including plan-version passages in a bound bundle.",,,2018/jama.2018.0948/.ai_paper_validation/final_report_1_5_2.md,230,"[""2018/jama.2018.0948/.ai_paper_validation/review_1_5_2/source_inventory.md"", ""2018/jama.2018.0948/.ai_paper_validation/review_1_5_2/candidate_ledger.md""]"
2018::jama.2018.0948::C007,2018,jama.2018.0948,C007,Urgent PICU admission rates do not match the printed counts and denominators at conventional rounding,"Denominator, proportion, or total inconsistency",P_B,"[""P_B""]",recorded_candidate,,True,False,False,False,"The protocol Sample Size Appendix reproduces Ontario 2007-8 historical data attributed to the Kotsakis 2009 collaborative report: 1052 admissions, denominators 7300/55963, and rates 14.5%/18 per 1000. The rates do not round from those historical integers. This is P_B background data inside the protocol, not current trial reported-versus-planned results.","Historical reference-table data can be planning inputs, but this candidate targets the pre-existing counts/rates themselves. The original external report was not obtained for new adjudication.",,2018/jama.2018.0948/.ai_paper_validation/final_report_1_5_2.md,263,"[""2018/jama.2018.0948/.ai_paper_validation/review_1_5_2/source_inventory.md"", ""2018/jama.2018.0948/.ai_paper_validation/review_1_5_2/candidate_ledger.md"", ""2018/jama.2018.0948/.ai_paper_validation/review_1_5_2/preprocessing/native_text/joi180015supp1_prod.txt""]"
2018::jama.2018.14280::C001,2018,jama.2018.14280,C001,Reversed endpoint in the eTable 2 PEEP interquartile range,Numeric or arithmetic inconsistency,S_W,"[""S_W""]",recorded_candidate,,False,True,False,False,The intermediate-arm PEEP value 8 (5-1) is incompatible with the table's median (IQR) definition. The focal mismatch is within one non-plan results supplement.,,,2018/jama.2018.14280/.ai_paper_validation/final_report_1_5_2.md,56,"[""2018/jama.2018.14280/.ai_paper_validation/review_1_5_2/source_inventory.md""]"
2018::jama.2018.14280::C002,2018,jama.2018.14280,C002,At-risk-for-ARDS percentages use undisclosed denominators,"Denominator, proportion, or total inconsistency",S_W,"[""S_W""]",recorded_candidate,,False,True,False,False,"Printed percentages do not reproduce from Table 1 arm headers, while smaller denominators reproduce them. The focal mismatch is within the main article.",,,2018/jama.2018.14280/.ai_paper_validation/final_report_1_5_2.md,89,"[""2018/jama.2018.14280/.ai_paper_validation/review_1_5_2/source_inventory.md""]"
2018::jama.2018.14280::C003,2018,jama.2018.14280,C003,Septic-shock percentages use undisclosed denominators,"Denominator, proportion, or total inconsistency",S_W,"[""S_W""]",recorded_candidate,,False,True,False,False,The displayed septic-shock percentages do not reproduce from the Table 1 arm headers. The focal mismatch is within the main article.,,,2018/jama.2018.14280/.ai_paper_validation/final_report_1_5_2.md,122,"[""2018/jama.2018.14280/.ai_paper_validation/review_1_5_2/source_inventory.md""]"
2018::jama.2018.14280::C004,2018,jama.2018.14280,C004,Tobacco-use categories use undisclosed denominators,"Denominator, proportion, or total inconsistency",S_W,"[""S_W""]",recorded_candidate,,False,True,False,False,Tobacco-use counts and percentages reconcile to 475/482 rather than the 477/484 arm headers. The focal mismatch is within the main article.,,,2018/jama.2018.14280/.ai_paper_validation/final_report_1_5_2.md,155,"[""2018/jama.2018.14280/.ai_paper_validation/review_1_5_2/source_inventory.md""]"
2018::jama.2018.14280::C005,2018,jama.2018.14280,C005,Alcohol-use categories use undisclosed denominators,"Denominator, proportion, or total inconsistency",S_W,"[""S_W""]",recorded_candidate,,False,True,False,False,Alcohol-use counts and percentages reconcile to 475/482 rather than Table 1 arm headers. The focal mismatch is within the main article.,,,2018/jama.2018.14280/.ai_paper_validation/final_report_1_5_2.md,188,"[""2018/jama.2018.14280/.ai_paper_validation/review_1_5_2/source_inventory.md""]"
2018::jama.2018.14280::C006,2018,jama.2018.14280,C006,ICU-admission categories use undisclosed denominators,"Denominator, proportion, or total inconsistency",S_W,"[""S_W""]",recorded_candidate,,False,True,False,False,Surgical/medical ICU-admission counts and percentages reconcile to 475/482 rather than arm headers. The focal mismatch is within the main article.,,,2018/jama.2018.14280/.ai_paper_validation/final_report_1_5_2.md,221,"[""2018/jama.2018.14280/.ai_paper_validation/review_1_5_2/source_inventory.md""]"
2018::jama.2018.14280::C007,2018,jama.2018.14280,C007,Sedative-infusion percentages omit effective denominators,"Denominator, proportion, or total inconsistency",S_W,"[""S_W""]",recorded_candidate,,False,True,False,False,"Sedative-infusion percentages reproduce from unprinted 453/462 denominators, not arm headers. The focal mismatch is within one non-plan results supplement.",,,2018/jama.2018.14280/.ai_paper_validation/final_report_1_5_2.md,254,"[""2018/jama.2018.14280/.ai_paper_validation/review_1_5_2/source_inventory.md""]"
2018::jama.2018.14280::C008,2018,jama.2018.14280,C008,Analgesic-infusion percentages omit effective denominators,"Denominator, proportion, or total inconsistency",S_W,"[""S_W""]",recorded_candidate,,False,True,False,False,"Analgesic-infusion percentages reproduce from unprinted 453/462 denominators, not arm headers. The focal mismatch is within one non-plan results supplement.",,,2018/jama.2018.14280/.ai_paper_validation/final_report_1_5_2.md,287,"[""2018/jama.2018.14280/.ai_paper_validation/review_1_5_2/source_inventory.md""]"
2018::jama.2018.14280::C009,2018,jama.2018.14280,C009,Neuromuscular-blockade percentages omit effective denominators,"Denominator, proportion, or total inconsistency",S_W,"[""S_W""]",recorded_candidate,,False,True,False,False,"Neuromuscular-blockade percentages reproduce from unprinted 453/462 denominators, not arm headers. The focal mismatch is within one non-plan results supplement.",,,2018/jama.2018.14280/.ai_paper_validation/final_report_1_5_2.md,320,"[""2018/jama.2018.14280/.ai_paper_validation/review_1_5_2/source_inventory.md""]"
2018::jama.2018.14280::C010,2018,jama.2018.14280,C010,Vasopressor-use percentages omit effective denominators,"Denominator, proportion, or total inconsistency",S_W,"[""S_W""]",recorded_candidate,,False,True,False,False,"Vasopressor-use percentages reproduce from 454/462, not displayed arm headers. The focal mismatch is within one non-plan results supplement.",,,2018/jama.2018.14280/.ai_paper_validation/final_report_1_5_2.md,353,"[""2018/jama.2018.14280/.ai_paper_validation/review_1_5_2/source_inventory.md""]"
2018::jama.2018.14280::C011,2018,jama.2018.14280,C011,Mortality effect-measure wording conflicts with Table 2 and the SAP,"Measure, label, or scale inconsistency",S_W,"[""S_W""]",recorded_candidate,,False,True,False,False,Main Methods broadly assigns mortality Cox HRs while main Table 2 labels ICU/hospital mortality RR. The SAP agrees with Table 2 and is corroboration of a Methods-versus-results wording discrepancy inside the main article.,The Methods sentence may intend only time-indexed 28/90-day mortality. No independent report-versus-plan departure is counted merely because SAP wording supports the table.,,2018/jama.2018.14280/.ai_paper_validation/final_report_1_5_2.md,386,"[""2018/jama.2018.14280/.ai_paper_validation/review_1_5_2/source_inventory.md"", ""2018/jama.2018.14280/.ai_paper_validation/review_1_5_2/verification/evidence_recheck.md""]"
2018::jama.2018.14280::C012,2018,jama.2018.14280,C012,ICU-mortality RR does not reproduce from printed risks,Statistical reporting inconsistency,S_W,"[""S_W""]",recorded_candidate,,False,True,False,False,Printed ICU-mortality RR 1.11 does not reproduce as the crude low/intermediate ratio from displayed risks. The focal mismatch is within the main article.,"Diagnostic comparison assumes the printed RR is crude; the exact estimator, weighting, or analysis population is not supplied. These are separate outcome rows, not proven instances of a single underlying coding error.",,2018/jama.2018.14280/.ai_paper_validation/final_report_1_5_2.md,419,"[""2018/jama.2018.14280/.ai_paper_validation/review_1_5_2/source_inventory.md""]"
2018::jama.2018.14280::C013,2018,jama.2018.14280,C013,Hospital-mortality RR does not reproduce from printed risks,Statistical reporting inconsistency,S_W,"[""S_W""]",recorded_candidate,,False,True,False,False,Printed hospital-mortality RR 1.06 does not reproduce from displayed risks under the crude comparator. The focal mismatch is within the main article.,"Diagnostic comparison assumes the printed RR is crude; the exact estimator, weighting, or analysis population is not supplied. These are separate outcome rows, not proven instances of a single underlying coding error.",,2018/jama.2018.14280/.ai_paper_validation/final_report_1_5_2.md,452,"[""2018/jama.2018.14280/.ai_paper_validation/review_1_5_2/source_inventory.md""]"
2018::jama.2018.14280::C014,2018,jama.2018.14280,C014,ARDS RR does not reproduce from printed risks,Statistical reporting inconsistency,S_W,"[""S_W""]",recorded_candidate,,False,True,False,False,Printed ARDS RR 0.86 does not reproduce from displayed risks under the crude comparator. The focal mismatch is within the main article.,"Diagnostic comparison assumes the printed RR is crude; the exact estimator, weighting, or analysis population is not supplied. These are separate outcome rows, not proven instances of a single underlying coding error.",,2018/jama.2018.14280/.ai_paper_validation/final_report_1_5_2.md,485,"[""2018/jama.2018.14280/.ai_paper_validation/review_1_5_2/source_inventory.md""]"
2018::jama.2018.14280::C015,2018,jama.2018.14280,C015,Pneumonia RR does not reproduce from printed risks,Statistical reporting inconsistency,S_W,"[""S_W""]",recorded_candidate,,False,True,False,False,Printed pneumonia RR 1.07 does not reproduce from displayed risks under the crude comparator. The focal mismatch is within the main article.,"Diagnostic comparison assumes the printed RR is crude; the exact estimator, weighting, or analysis population is not supplied. These are separate outcome rows, not proven instances of a single underlying coding error.",,2018/jama.2018.14280/.ai_paper_validation/final_report_1_5_2.md,518,"[""2018/jama.2018.14280/.ai_paper_validation/review_1_5_2/source_inventory.md""]"
2018::jama.2018.14280::C016,2018,jama.2018.14280,C016,Pneumothorax RR does not reproduce from printed risks,Statistical reporting inconsistency,S_W,"[""S_W""]",recorded_candidate,,False,True,False,False,Printed pneumothorax RR 1.16 does not reproduce from displayed risks under the crude comparator. The focal mismatch is within the main article.,"Diagnostic comparison assumes the printed RR is crude; the exact estimator, weighting, or analysis population is not supplied. These are separate outcome rows, not proven instances of a single underlying coding error.",,2018/jama.2018.14280/.ai_paper_validation/final_report_1_5_2.md,551,"[""2018/jama.2018.14280/.ai_paper_validation/review_1_5_2/source_inventory.md""]"
2018::jama.2018.14280::C017,2018,jama.2018.14280,C017,Atelectasis RR does not reproduce from printed risks,Statistical reporting inconsistency,S_W,"[""S_W""]",recorded_candidate,,False,True,False,False,Printed atelectasis RR 1.00 does not reproduce from displayed risks under the crude comparator. The focal mismatch is within the main article.,"Diagnostic comparison assumes the printed RR is crude; the exact estimator, weighting, or analysis population is not supplied. These are separate outcome rows, not proven instances of a single underlying coding error.",,2018/jama.2018.14280/.ai_paper_validation/final_report_1_5_2.md,584,"[""2018/jama.2018.14280/.ai_paper_validation/review_1_5_2/source_inventory.md""]"
2018::jama.2018.14280::C018,2018,jama.2018.14280,C018,Extrapulmonary-infection RR does not reproduce from printed risks,Statistical reporting inconsistency,S_W,"[""S_W""]",recorded_candidate,,False,True,False,False,Printed extrapulmonary-infection RR 0.84 does not reproduce from displayed risks under the crude comparator. The focal mismatch is within the main article.,"Diagnostic comparison assumes the printed RR is crude; the exact estimator, weighting, or analysis population is not supplied. These are separate outcome rows, not proven instances of a single underlying coding error.",,2018/jama.2018.14280/.ai_paper_validation/final_report_1_5_2.md,617,"[""2018/jama.2018.14280/.ai_paper_validation/review_1_5_2/source_inventory.md""]"
2018::jama.2018.14280::C019,2018,jama.2018.14280,C019,Extrapulmonary-sepsis RR does not reproduce from printed risks,Statistical reporting inconsistency,S_W,"[""S_W""]",recorded_candidate,,False,True,False,False,Printed extrapulmonary-sepsis RR 0.87 does not reproduce from displayed risks under the crude comparator. The focal mismatch is within the main article.,"Diagnostic comparison assumes the printed RR is crude; the exact estimator, weighting, or analysis population is not supplied. These are separate outcome rows, not proven instances of a single underlying coding error.",,2018/jama.2018.14280/.ai_paper_validation/final_report_1_5_2.md,650,"[""2018/jama.2018.14280/.ai_paper_validation/review_1_5_2/source_inventory.md""]"
2018::jama.2018.14280::C020,2018,jama.2018.14280,C020,Delirium RR does not reproduce from printed risks,Statistical reporting inconsistency,S_W,"[""S_W""]",recorded_candidate,,False,True,False,False,Printed delirium RR 1.15 does not reproduce from displayed risks under the crude comparator. The focal mismatch is within the main article.,"Diagnostic comparison assumes the printed RR is crude; the exact estimator, weighting, or analysis population is not supplied. These are separate outcome rows, not proven instances of a single underlying coding error.",,2018/jama.2018.14280/.ai_paper_validation/final_report_1_5_2.md,683,"[""2018/jama.2018.14280/.ai_paper_validation/review_1_5_2/source_inventory.md""]"
2018::jama.2018.14280::C021,2018,jama.2018.14280,C021,Tracheostomy RR does not reproduce from printed risks,Statistical reporting inconsistency,S_W,"[""S_W""]",recorded_candidate,,False,True,False,False,Printed tracheostomy RR 1.03 does not reproduce from displayed risks under the crude comparator. The focal mismatch is within the main article.,"Diagnostic comparison assumes the printed RR is crude; the exact estimator, weighting, or analysis population is not supplied. These are separate outcome rows, not proven instances of a single underlying coding error.",,2018/jama.2018.14280/.ai_paper_validation/final_report_1_5_2.md,716,"[""2018/jama.2018.14280/.ai_paper_validation/review_1_5_2/source_inventory.md""]"
2018::jama.2018.14280::C022,2018,jama.2018.14280,C022,The same subgroup intervals are labelled IQR and 95% CI,"Measure, label, or scale inconsistency",S_C,"[""S_C""]",recorded_candidate,,False,True,True,False,Identical subgroup intervals are labelled IQR in the main text and 95% CI in eTable 5. The focal comparison is the main article versus a non-plan results supplement.,,,2018/jama.2018.14280/.ai_paper_validation/final_report_1_5_2.md,749,"[""2018/jama.2018.14280/.ai_paper_validation/review_1_5_2/source_inventory.md""]"
2018::jama.2018.14280::C023,2018,jama.2018.14280,C023,Enrollment completion dates differ by two days,Cross-document numeric inconsistency,P_R,"[""P_R""]",recorded_candidate,population_recruitment_sites,True,False,True,False,"The main article gives August 20, 2017 as enrollment end, whereas the supplied SAP/update gives August 22, 2017. This is a main-report versus SAP factual date discrepancy, rather than an ordinary results-supplement discrepancy.","The SAP is an update after enrollment; clinical last-patient date versus administrative completion could explain the two days. P_R denotes document roles, not a proven prospective-plan violation.",,2018/jama.2018.14280/.ai_paper_validation/final_report_1_5_2.md,782,"[""2018/jama.2018.14280/.ai_paper_validation/review_1_5_2/source_inventory.md"", ""2018/jama.2018.14280/.ai_paper_validation/review_1_5_2/verification/evidence_recheck.md""]"
2018::jama.2018.14282::C001,2018,jama.2018.14282,C001,Standard-arm men percentage does not reconcile,"Denominator, proportion, or total inconsistency",S_W,"[""S_W""]",recorded_candidate,,False,True,False,False,The printed standard-arm men count and percentage do not reconcile under nearest one-decimal rounding. The focal mismatch is within the main article.,,,2018/jama.2018.14282/.ai_paper_validation/final_report_1_5_2.md,65,"[""2018/jama.2018.14282/.ai_paper_validation/review_1_5_2/source_inventory.md""]"
2018::jama.2018.14282::C002,2018,jama.2018.14282,C002,Standard-arm women percentage does not reconcile,"Denominator, proportion, or total inconsistency",S_W,"[""S_W""]",recorded_candidate,,False,True,False,False,The printed standard-arm women count and percentage do not reconcile under nearest one-decimal rounding. The focal mismatch is within the main article.,,,2018/jama.2018.14282/.ai_paper_validation/final_report_1_5_2.md,98,"[""2018/jama.2018.14282/.ai_paper_validation/review_1_5_2/source_inventory.md""]"
2018::jama.2018.14282::C003,2018,jama.2018.14282,C003,Standard-arm heart-failure percentage does not reconcile,"Denominator, proportion, or total inconsistency",S_W,"[""S_W""]",recorded_candidate,,False,True,False,False,The standard-arm heart-failure percentage does not reconcile under nearest one-decimal rounding. The focal mismatch is within the main article.,,,2018/jama.2018.14282/.ai_paper_validation/final_report_1_5_2.md,131,"[""2018/jama.2018.14282/.ai_paper_validation/review_1_5_2/source_inventory.md""]"
2018::jama.2018.14282::C004,2018,jama.2018.14282,C004,High-flow liver-disease percentage conflicts with displayed count,"Denominator, proportion, or total inconsistency",S_W,"[""S_W""]",recorded_candidate,,False,True,False,False,The high-flow liver-disease count and percentage do not reconcile with the displayed arm denominator. The focal mismatch is within the main article.,,,2018/jama.2018.14282/.ai_paper_validation/final_report_1_5_2.md,164,"[""2018/jama.2018.14282/.ai_paper_validation/review_1_5_2/source_inventory.md""]"
2018::jama.2018.14282::C005,2018,jama.2018.14282,C005,Standard-arm kidney-disease percentage conflicts with displayed count,"Denominator, proportion, or total inconsistency",S_W,"[""S_W""]",recorded_candidate,,False,True,False,False,The standard-arm kidney-disease count and percentage do not reconcile with the displayed arm denominator. The focal mismatch is within the main article.,,,2018/jama.2018.14282/.ai_paper_validation/final_report_1_5_2.md,197,"[""2018/jama.2018.14282/.ai_paper_validation/review_1_5_2/source_inventory.md""]"
2018::jama.2018.14282::C006,2018,jama.2018.14282,C006,Standard-arm nontransplant immunosuppression percentage does not reconcile,"Denominator, proportion, or total inconsistency",S_W,"[""S_W""]",recorded_candidate,,False,True,False,False,The standard-arm nontransplant immunosuppression percentage does not reconcile under nearest one-decimal rounding. The focal mismatch is within the main article.,,,2018/jama.2018.14282/.ai_paper_validation/final_report_1_5_2.md,230,"[""2018/jama.2018.14282/.ai_paper_validation/review_1_5_2/source_inventory.md""]"
2018::jama.2018.14282::C007,2018,jama.2018.14282,C007,High-flow ≥3-days-after-ICU-admission percentage does not reconcile,"Denominator, proportion, or total inconsistency",S_W,"[""S_W""]",recorded_candidate,,False,True,False,False,The high-flow ≥3-days-after-admission percentage does not reconcile under nearest one-decimal rounding. The focal mismatch is within the main article.,,,2018/jama.2018.14282/.ai_paper_validation/final_report_1_5_2.md,263,"[""2018/jama.2018.14282/.ai_paper_validation/review_1_5_2/source_inventory.md""]"
2018::jama.2018.14282::C008,2018,jama.2018.14282,C008,Standard-arm ≥3-days-after-ICU-admission percentage does not reconcile,"Denominator, proportion, or total inconsistency",S_W,"[""S_W""]",recorded_candidate,,False,True,False,False,The standard-arm ≥3-days-after-admission percentage does not reconcile under nearest one-decimal rounding. The focal mismatch is within the main article.,,,2018/jama.2018.14282/.ai_paper_validation/final_report_1_5_2.md,296,"[""2018/jama.2018.14282/.ai_paper_validation/review_1_5_2/source_inventory.md""]"
2018::jama.2018.14282::C009,2018,jama.2018.14282,C009,Standard-arm vasopressor percentage does not reconcile,"Denominator, proportion, or total inconsistency",S_W,"[""S_W""]",recorded_candidate,,False,True,False,False,The standard-arm vasopressor percentage does not reconcile under nearest one-decimal rounding. The focal mismatch is within the main article.,,,2018/jama.2018.14282/.ai_paper_validation/final_report_1_5_2.md,329,"[""2018/jama.2018.14282/.ai_paper_validation/review_1_5_2/source_inventory.md""]"
2018::jama.2018.14282::C010,2018,jama.2018.14282,C010,High-flow do-not-intubate percentage does not reconcile,"Denominator, proportion, or total inconsistency",S_W,"[""S_W""]",recorded_candidate,,False,True,False,False,The high-flow do-not-intubate percentage does not reconcile under nearest one-decimal rounding. The focal mismatch is within the main article.,,,2018/jama.2018.14282/.ai_paper_validation/final_report_1_5_2.md,362,"[""2018/jama.2018.14282/.ai_paper_validation/review_1_5_2/source_inventory.md""]"
2018::jama.2018.14282::C011,2018,jama.2018.14282,C011,High-flow do-not-resuscitate percentage does not reconcile,"Denominator, proportion, or total inconsistency",S_W,"[""S_W""]",recorded_candidate,,False,True,False,False,The high-flow do-not-resuscitate percentage does not reconcile under nearest one-decimal rounding. The focal mismatch is within the main article.,,,2018/jama.2018.14282/.ai_paper_validation/final_report_1_5_2.md,395,"[""2018/jama.2018.14282/.ai_paper_validation/review_1_5_2/source_inventory.md""]"
2018::jama.2018.14282::C012,2018,jama.2018.14282,C012,Standard-arm do-not-resuscitate percentage does not reconcile,"Denominator, proportion, or total inconsistency",S_W,"[""S_W""]",recorded_candidate,,False,True,False,False,The standard-arm do-not-resuscitate percentage does not reconcile under nearest one-decimal rounding. The focal mismatch is within the main article.,,,2018/jama.2018.14282/.ai_paper_validation/final_report_1_5_2.md,428,"[""2018/jama.2018.14282/.ai_paper_validation/review_1_5_2/source_inventory.md""]"
2018::jama.2018.14282::C013,2018,jama.2018.14282,C013,Standard-arm unknown-goals percentage does not reconcile,"Denominator, proportion, or total inconsistency",S_W,"[""S_W""]",recorded_candidate,,False,True,False,False,The standard-arm unknown-goals-of-care percentage does not reconcile under nearest one-decimal rounding. The focal mismatch is within the main article.,,,2018/jama.2018.14282/.ai_paper_validation/final_report_1_5_2.md,461,"[""2018/jama.2018.14282/.ai_paper_validation/review_1_5_2/source_inventory.md""]"
2018::jama.2018.14282::C014,2018,jama.2018.14282,C014,High-flow pre-randomization standard-oxygen percentage does not reconcile,"Denominator, proportion, or total inconsistency",S_W,"[""S_W""]",recorded_candidate,,False,True,False,False,The high-flow pre-randomization standard-oxygen percentage does not reconcile under nearest one-decimal rounding. The focal mismatch is within the main article.,,,2018/jama.2018.14282/.ai_paper_validation/final_report_1_5_2.md,494,"[""2018/jama.2018.14282/.ai_paper_validation/review_1_5_2/source_inventory.md""]"
2018::jama.2018.14282::C015,2018,jama.2018.14282,C015,High-flow ICU-acquired-infection percentage does not reconcile,"Denominator, proportion, or total inconsistency",S_W,"[""S_W""]",recorded_candidate,,False,True,False,False,The high-flow ICU-acquired-infection percentage does not reconcile under nearest one-decimal rounding. The focal mismatch is within the main article.,,,2018/jama.2018.14282/.ai_paper_validation/final_report_1_5_2.md,527,"[""2018/jama.2018.14282/.ai_paper_validation/review_1_5_2/source_inventory.md""]"
2018::jama.2018.14282::C016,2018,jama.2018.14282,C016,Standard-arm hospital-mortality percentage does not reconcile,"Denominator, proportion, or total inconsistency",S_W,"[""S_W""]",recorded_candidate,,False,True,False,False,The standard-arm hospital-mortality percentage does not reconcile under nearest one-decimal rounding. The focal mismatch is within the main article.,,,2018/jama.2018.14282/.ai_paper_validation/final_report_1_5_2.md,560,"[""2018/jama.2018.14282/.ai_paper_validation/review_1_5_2/source_inventory.md""]"
2018::jama.2018.14282::C017,2018,jama.2018.14282,C017,Respiratory-rate confidence-interval endpoint differs between matched occurrences,Cross-document numeric inconsistency,S_W,"[""S_W""]",recorded_candidate,,False,True,False,False,The abstract and Results of the same main PDF report upper CI endpoints -0.2 and -0.3/min for the matched six-hour respiratory-rate result. The original cross-document category is a within-main repetition discrepancy.,,,2018/jama.2018.14282/.ai_paper_validation/final_report_1_5_2.md,593,"[""2018/jama.2018.14282/.ai_paper_validation/review_1_5_2/source_inventory.md"", ""2018/jama.2018.14282/.ai_paper_validation/review_1_5_2/candidate_ledger.md""]"
2018::jama.2018.14282::C018,2018,jama.2018.14282,C018,Arm-attributed support-needs percentages use the overall-population denominator,"Denominator, proportion, or total inconsistency",S_W,"[""S_W""]",recorded_candidate,,False,True,False,False,"The main paragraph explicitly begins In the overall population; 153/776=19.7% and 31/776=4.0% are correct, but the arm-attributed wording could be misread as within-arm risks. The retained candidate is within-main denominator communication, not an established numerical contradiction.","Communication-only candidate: arithmetic reproduces under the printed overall-population context. It is not an explicit failed evidence recheck, so evidence_state remains recorded_candidate; do not describe it as a confirmed inconsistency.",,2018/jama.2018.14282/.ai_paper_validation/final_report_1_5_2.md,626,"[""2018/jama.2018.14282/.ai_paper_validation/review_1_5_2/source_inventory.md"", ""2018/jama.2018.14282/.ai_paper_validation/review_1_5_2/verification/evidence_recheck.md"", ""2018/jama.2018.14282/.ai_paper_validation/review_1_5_2/candidate_ledger.md""]"
2018::jama.2018.14282::C019,2018,jama.2018.14282,C019,eTable high-flow invasive-MV percentage does not reconcile,"Denominator, proportion, or total inconsistency",S_W,"[""S_W""]",recorded_candidate,,False,True,False,False,The eTable high-flow invasive-mechanical-ventilation percentage does not reconcile under nearest one-decimal rounding. The focal mismatch is within one non-plan results supplement.,,,2018/jama.2018.14282/.ai_paper_validation/final_report_1_5_2.md,659,"[""2018/jama.2018.14282/.ai_paper_validation/review_1_5_2/source_inventory.md"", ""2018/jama.2018.14282/.ai_paper_validation/review_1_5_2/candidate_ledger.md""]"
2018::jama.2018.14282::C020,2018,jama.2018.14282,C020,eTable standard-arm invasive-MV percentage does not reconcile,"Denominator, proportion, or total inconsistency",S_W,"[""S_W""]",recorded_candidate,,False,True,False,False,The eTable standard-arm invasive-mechanical-ventilation percentage does not reconcile under nearest one-decimal rounding. The focal mismatch is within one non-plan results supplement.,"Complementary to C021 and may share a forced-total percentage-production rule; separate printed count/percentage cell, so not marked an identical duplicate.",,2018/jama.2018.14282/.ai_paper_validation/final_report_1_5_2.md,692,"[""2018/jama.2018.14282/.ai_paper_validation/review_1_5_2/source_inventory.md"", ""2018/jama.2018.14282/.ai_paper_validation/review_1_5_2/candidate_ledger.md""]"
2018::jama.2018.14282::C021,2018,jama.2018.14282,C021,eTable standard-oxygen-only percentage does not reconcile,"Denominator, proportion, or total inconsistency",S_W,"[""S_W""]",recorded_candidate,,False,True,False,False,The eTable standard-oxygen-only percentage does not reconcile under nearest one-decimal rounding. The focal mismatch is within one non-plan results supplement.,"Complementary to C020 and may share a forced-total percentage-production rule; separate printed count/percentage cell, so not marked an identical duplicate.",,2018/jama.2018.14282/.ai_paper_validation/final_report_1_5_2.md,725,"[""2018/jama.2018.14282/.ai_paper_validation/review_1_5_2/source_inventory.md"", ""2018/jama.2018.14282/.ai_paper_validation/review_1_5_2/candidate_ledger.md""]"
2018::jama.2018.14282::C022,2018,jama.2018.14282,C022,IMV cumulative-incidence comparison has incompatible printed test labels,Statistical reporting inconsistency,S_C,"[""S_C""]",recorded_candidate,,False,True,True,False,A matched invasive-mechanical-ventilation cumulative-incidence comparison is described with Gray testing in the main article and a log-rank label in the linked eFigure. The focal comparison is the main article versus a non-plan results supplement.,,,2018/jama.2018.14282/.ai_paper_validation/final_report_1_5_2.md,758,"[""2018/jama.2018.14282/.ai_paper_validation/review_1_5_2/source_inventory.md"", ""2018/jama.2018.14282/.ai_paper_validation/review_1_5_2/candidate_ledger.md""]"
2018::jama.2018.14282::C023,2018,jama.2018.14282,C023,Figure 3A mortality HR has a near-reciprocal orientation relative to Table 2,"Measure, label, or scale inconsistency",S_W,"[""S_W""]",recorded_candidate,,False,True,False,False,"Figure 3A mortality HRs are near reciprocals of the matched Table 2/narrative HRs under favor labels, but the figure reference group is not printed. The focal mismatch is within the main article.","Figure reference group is not defined. Recheck rejects exact reciprocal agreement from all rounded values, while preserving near-reciprocal orientation compatible with hidden precision; this is not a wholly non-reproduced candidate.",,2018/jama.2018.14282/.ai_paper_validation/final_report_1_5_2.md,791,"[""2018/jama.2018.14282/.ai_paper_validation/review_1_5_2/source_inventory.md"", ""2018/jama.2018.14282/.ai_paper_validation/review_1_5_2/candidate_ledger.md""]"
2018::jama.2018.14282::C024,2018,jama.2018.14282,C024,Figure 3B IMV HR has a near-reciprocal orientation relative to Table 2,"Measure, label, or scale inconsistency",S_W,"[""S_W""]",recorded_candidate,,False,True,False,False,"Figure 3B IMV HRs are near reciprocals of the matched Table 2/narrative cause-specific HRs under favor labels, but figure reference/estimand definition is not printed. The focal mismatch is within the main article.","Figure reference group is not defined. Recheck rejects exact reciprocal agreement from all rounded values, while preserving near-reciprocal orientation compatible with hidden precision; this is not a wholly non-reproduced candidate.",,2018/jama.2018.14282/.ai_paper_validation/final_report_1_5_2.md,824,"[""2018/jama.2018.14282/.ai_paper_validation/review_1_5_2/source_inventory.md"", ""2018/jama.2018.14282/.ai_paper_validation/review_1_5_2/candidate_ledger.md""]"
2018::jama.2018.14282::C025,2018,jama.2018.14282,C025,Revised-superiority sample-size total conflicts with equal arm counts,Numeric or arithmetic inconsistency,S_W,"[""S_W""]",recorded_candidate,,False,True,False,False,"The main article states 779 patients with 389 in each of two arms, internally contradicting 389+389=778. The protocol/SAP 778 total corroborates that arithmetic; it is not counted as a separate implemented-versus-planned sample-size departure.",Boundary decision: S_W only; the plan comparison supports the internal total error. An unreported earlier unequal target remains possible.,,2018/jama.2018.14282/.ai_paper_validation/final_report_1_5_2.md,857,"[""2018/jama.2018.14282/.ai_paper_validation/review_1_5_2/source_inventory.md"", ""2018/jama.2018.14282/.ai_paper_validation/review_1_5_2/verification/evidence_recheck.md"", ""2018/jama.2018.14282/.ai_paper_validation/review_1_5_2/candidate_ledger.md""]"
2018::jama.2018.14282::C026,2018,jama.2018.14282,C026,Noninferiority bound/sign wording conflicts with its explanatory axis,Statistical reporting inconsistency,P_P,"[""P_P""]",recorded_candidate,,True,False,False,False,"Noninferiority wording uses a positive less than 9% lower-bound statement that is not reconciled with the negative-side margin on a new-treatment-minus-active-control axis. The focal discrepancy is internal to the protocol/SAP material, including plan-version passages in a bound bundle.",,,2018/jama.2018.14282/.ai_paper_validation/final_report_1_5_2.md,890,"[""2018/jama.2018.14282/.ai_paper_validation/review_1_5_2/source_inventory.md"", ""2018/jama.2018.14282/.ai_paper_validation/review_1_5_2/verification/evidence_recheck.md"", ""2018/jama.2018.14282/.ai_paper_validation/review_1_5_2/candidate_ledger.md""]"
2018::jama.2018.14282::C027,2018,jama.2018.14282,C027,Primary-hypothesis intervention is labelled NIV while plans identify HFNO,"Measure, label, or scale inconsistency",P_P,"[""P_P""]",recorded_candidate,,True,False,False,False,"Primary-hypothesis sentences label the intervention NIV while adjacent and repeated plan wording identifies HFNO as the experimental intervention. The focal discrepancy is internal to the protocol/SAP material, including plan-version passages in a bound bundle.",,,2018/jama.2018.14282/.ai_paper_validation/final_report_1_5_2.md,923,"[""2018/jama.2018.14282/.ai_paper_validation/review_1_5_2/source_inventory.md"", ""2018/jama.2018.14282/.ai_paper_validation/review_1_5_2/verification/evidence_recheck.md"", ""2018/jama.2018.14282/.ai_paper_validation/review_1_5_2/candidate_ledger.md""]"
2018::jama.2018.14282::C028,2018,jama.2018.14282,C028,Planned primary outcome alternates between day-28 vital status and hospital death,"Measure, label, or scale inconsistency",P_P,"[""P_P""]",recorded_candidate,,True,False,False,False,"Plan passages classify patients by day-28 vital status but then specify a relative risk of hospital death without explicitly equating the endpoints. The focal discrepancy is internal to the protocol/SAP material, including plan-version passages in a bound bundle.",,,2018/jama.2018.14282/.ai_paper_validation/final_report_1_5_2.md,956,"[""2018/jama.2018.14282/.ai_paper_validation/review_1_5_2/source_inventory.md"", ""2018/jama.2018.14282/.ai_paper_validation/review_1_5_2/verification/evidence_recheck.md"", ""2018/jama.2018.14282/.ai_paper_validation/review_1_5_2/candidate_ledger.md""]"
2018::jama.2018.17075::C001,2018,jama.2018.17075,C001,Normothermia Injury Severity Score median is below its printed IQR lower endpoint,Numeric or arithmetic inconsistency,S_W,"[""S_W""]",recorded_candidate,,False,True,False,False,The normothermia Injury Severity Score median is lower than the lower endpoint of its printed IQR. The focal mismatch is within the main article.,,,2018/jama.2018.17075/.ai_paper_validation/final_report_1_5_2.md,55,"[""2018/jama.2018.17075/.ai_paper_validation/review_1_5_2/source_inventory.md""]"
2018::jama.2018.17075::C002,2018,jama.2018.17075,C002,Primary risk difference has opposite signs in matched main-article locations,Cross-document numeric inconsistency,S_W,"[""S_W""]",recorded_candidate,,False,True,False,False,The abstract prints a positive primary risk difference while matched Results and Table 2 locations print a negative risk difference with the same displayed counts and CI. The focal mismatch is within the main article.,,,2018/jama.2018.17075/.ai_paper_validation/final_report_1_5_2.md,88,"[""2018/jama.2018.17075/.ai_paper_validation/review_1_5_2/source_inventory.md""]"
2018::jama.2018.17075::C003,2018,jama.2018.17075,C003,Intracranial-bleeding effect and P-value reporting conflicts with matched evidence,Statistical reporting inconsistency,S_C,"[""S_C"", ""S_W""]",recorded_candidate,,False,True,True,False,The intracranial-bleeding Table 2 RR/CI/P display conflicts with its printed counts and with the matched supplement P value. The focal comparison is the main article versus a non-plan results supplement.,"Mixed main-versus-results-supplement P-value mismatch and within-main RR/count incompatibility. Adjacent intra-/extracranial bleeding rows may have swapped effect tokens, but they are distinct outcomes and are not merged as duplicate IDs.",,2018/jama.2018.17075/.ai_paper_validation/final_report_1_5_2.md,121,"[""2018/jama.2018.17075/.ai_paper_validation/review_1_5_2/source_inventory.md"", ""2018/jama.2018.17075/.ai_paper_validation/review_1_5_2/verification/evidence_recheck.md""]"
2018::jama.2018.17075::C004,2018,jama.2018.17075,C004,Extracranial-bleeding effect and P-value reporting conflicts with matched evidence,Statistical reporting inconsistency,S_C,"[""S_C"", ""S_W""]",recorded_candidate,,False,True,True,False,The extracranial-bleeding Table 2 RR/CI/P display conflicts with its printed counts and with the matched supplement P value. The focal comparison is the main article versus a non-plan results supplement.,"Mixed main-versus-results-supplement P-value mismatch and within-main RR/count incompatibility. Adjacent intra-/extracranial bleeding rows may have swapped effect tokens, but they are distinct outcomes and are not merged as duplicate IDs.",,2018/jama.2018.17075/.ai_paper_validation/final_report_1_5_2.md,154,"[""2018/jama.2018.17075/.ai_paper_validation/review_1_5_2/source_inventory.md"", ""2018/jama.2018.17075/.ai_paper_validation/review_1_5_2/verification/evidence_recheck.md""]"
2018::jama.2018.17075::C005,2018,jama.2018.17075,C005,As-treated evacuated-mass-lesion cell reverses count and percentage order,"Measure, label, or scale inconsistency",S_W,"[""S_W""]",recorded_candidate,,False,True,False,False,An as-treated normothermia CT cell is inconsistent with its No. (%) header and displayed denominator. The focal mismatch is within one non-plan results supplement.,,,2018/jama.2018.17075/.ai_paper_validation/final_report_1_5_2.md,187,"[""2018/jama.2018.17075/.ai_paper_validation/review_1_5_2/source_inventory.md""]"
2018::jama.2018.17075::C006,2018,jama.2018.17075,C006,As-treated non-evacuated-mass-lesion cell reverses count and percentage order,"Measure, label, or scale inconsistency",S_W,"[""S_W""]",recorded_candidate,,False,True,False,False,"An as-treated normothermia CT cell does not reconcile with its No. (%) header, printed denominator, or displayed category total. The focal mismatch is within one non-plan results supplement.",,,2018/jama.2018.17075/.ai_paper_validation/final_report_1_5_2.md,220,"[""2018/jama.2018.17075/.ai_paper_validation/review_1_5_2/source_inventory.md""]"
2018::jama.2018.17075::C007,2018,jama.2018.17075,C007,Adjusted odds-ratio confidence-interval string is malformed,Statistical reporting inconsistency,S_W,"[""S_W""]",recorded_candidate,,False,True,False,False,The printed adjusted odds-ratio confidence-interval string does not provide two unambiguous endpoints. The focal mismatch is within one non-plan results supplement.,,,2018/jama.2018.17075/.ai_paper_validation/final_report_1_5_2.md,253,"[""2018/jama.2018.17075/.ai_paper_validation/review_1_5_2/source_inventory.md""]"
2018::jama.2018.17075::C008,2018,jama.2018.17075,C008,Abstract male count conflicts with its percentage and Table 1 total,"Denominator, proportion, or total inconsistency",S_W,"[""S_W""]",recorded_candidate,,False,True,False,False,The abstract's male count conflicts with both its stated percentage and the Table 1 arm total. The focal mismatch is within the main article.,,,2018/jama.2018.17075/.ai_paper_validation/final_report_1_5_2.md,286,"[""2018/jama.2018.17075/.ai_paper_validation/review_1_5_2/source_inventory.md""]"
2018::jama.2018.18020::C001,2018,jama.2018.18020,C001,Abstract sex percentage conflicts with the enrolled sex count,"Denominator, proportion, or total inconsistency",S_W,"[""S_W""]",recorded_candidate,,False,True,False,False,The abstract's 22% men is incompatible with its enrolled total and the later count of 22 men and 8 women. The focal mismatch is within the main article.,,,2018/jama.2018.18020/.ai_paper_validation/final_report_1_5_2.md,44,"[""2018/jama.2018.18020/.ai_paper_validation/review_1_5_2/source_inventory.md""]"
2018::jama.2018.18020::C002,2018,jama.2018.18020,C002,INQoL IQR endpoints exceed the stated 0-to-100 scale,"Measure, label, or scale inconsistency",S_W,"[""S_W""]",recorded_candidate,,False,True,False,False,Table 1 reports INQoL upper IQR endpoints above the table's stated maximum of 100. The focal mismatch is within the main article.,,,2018/jama.2018.18020/.ai_paper_validation/final_report_1_5_2.md,77,"[""2018/jama.2018.18020/.ai_paper_validation/review_1_5_2/source_inventory.md""]"
2018::jama.2018.18020::C003,2018,jama.2018.18020,C003,Table 2 secondary-outcome contrast header is opposite to the displayed effect signs,"Measure, label, or scale inconsistency",S_W,"[""S_W""]",recorded_candidate,,False,True,False,False,"The Table 2 header states placebo minus mexiletine, whereas repeated displayed change rows follow mexiletine minus placebo. The focal mismatch is within the main article.",,,2018/jama.2018.18020/.ai_paper_validation/final_report_1_5_2.md,110,"[""2018/jama.2018.18020/.ai_paper_validation/review_1_5_2/source_inventory.md""]"
2018::jama.2018.18020::C004,2018,jama.2018.18020,C004,Placebo “Any” adverse-reaction percentage does not reconcile with the apparent denominator,"Denominator, proportion, or total inconsistency",S_W,"[""S_W""]",recorded_candidate,,False,True,False,False,"Results-supplement eTable 4 prints placebo Any 2 (6%) against neighboring count-2 values of 7% and other pairs implying 30 participants. The main 21/30 statement supports that apparent denominator; the focal discrepancy is an internal eTable denominator/display issue, not a conflicting matched main result.","Conditional denominator: 31 treatment-set exposures, mentioned in the main article, could produce 6%; the table supplies neither analysis unit nor denominator.",,2018/jama.2018.18020/.ai_paper_validation/final_report_1_5_2.md,143,"[""2018/jama.2018.18020/.ai_paper_validation/review_1_5_2/source_inventory.md"", ""2018/jama.2018.18020/.ai_paper_validation/review_1_5_2/verification/evidence_recheck.md""]"
2018::jama.2018.18020::C005,2018,jama.2018.18020,C005,Bayesian parameter prose swaps mu_mex[i] and mu_plac[i] treatment labels,"Measure, label, or scale inconsistency",S_W,"[""S_W""]",recorded_candidate,,False,True,False,False,The displayed Bayesian-code mappings and adjacent prose assign opposite treatment meanings to mu_mex[i] and mu_plac[i]. The focal mismatch is within one non-plan results supplement.,,,2018/jama.2018.18020/.ai_paper_validation/final_report_1_5_2.md,176,"[""2018/jama.2018.18020/.ai_paper_validation/review_1_5_2/source_inventory.md"", ""2018/jama.2018.18020/.ai_paper_validation/review_1_5_2/verification/evidence_recheck.md""]"
2018::jama.2018.18020::C006,2018,jama.2018.18020,C006,diff_CLCN1 is described as an SCN4A contrast,"Measure, label, or scale inconsistency",S_W,"[""S_W""]",recorded_candidate,,False,True,False,False,The dictionary describes diff_CLCN1 as SCN4A although its displayed code components are CLCN1. The focal mismatch is within one non-plan results supplement.,,,2018/jama.2018.18020/.ai_paper_validation/final_report_1_5_2.md,209,"[""2018/jama.2018.18020/.ai_paper_validation/review_1_5_2/source_inventory.md"", ""2018/jama.2018.18020/.ai_paper_validation/review_1_5_2/verification/evidence_recheck.md""]"
2018::jama.2018.18020::C007,2018,jama.2018.18020,C007,sigma.mex is described as placebo-period variability,"Measure, label, or scale inconsistency",S_W,"[""S_W""]",recorded_candidate,,False,True,False,False,Both parameter dictionaries describe sigma.mex as placebo variability despite the displayed mexiletine model branch. The focal mismatch is within one non-plan results supplement.,,,2018/jama.2018.18020/.ai_paper_validation/final_report_1_5_2.md,242,"[""2018/jama.2018.18020/.ai_paper_validation/review_1_5_2/source_inventory.md"", ""2018/jama.2018.18020/.ai_paper_validation/review_1_5_2/verification/evidence_recheck.md""]"
2018::jama.2018.18020::C008,2018,jama.2018.18020,C008,Main text prints CLNC1 for the matched CLCN1 genotype subgroup,"Measure, label, or scale inconsistency",S_W,"[""S_W""]",recorded_candidate,,False,True,False,False,"The main narrative attaches CLNC1 to the n=16 subgroup, while the same page gene definition and main figures use CLCN1. The results-supplement footnote corroborates the gene name, so the focal typo is within the main article.",Boundary decision: S_W only; the supplementary gene definition is corroborating context rather than a separate mismatched reported result.,,2018/jama.2018.18020/.ai_paper_validation/final_report_1_5_2.md,275,"[""2018/jama.2018.18020/.ai_paper_validation/review_1_5_2/source_inventory.md"", ""2018/jama.2018.18020/.ai_paper_validation/review_1_5_2/verification/evidence_recheck.md""]"
2018::jama.2018.18020::C009,2018,jama.2018.18020,C009,SF-36 mental-component P value conflicts with the dependent-t 95% CI,Statistical reporting inconsistency,S_W,"[""S_W""]",recorded_candidate,,False,True,False,False,"The SF-36 mental-component effect, CI, P value, and printed dependent-t context do not reconcile under the table-level N=27 assumption. The focal mismatch is within the main article.",,,2018/jama.2018.18020/.ai_paper_validation/final_report_1_5_2.md,308,"[""2018/jama.2018.18020/.ai_paper_validation/review_1_5_2/source_inventory.md""]"
2018::jama.2018.18020::C010,2018,jama.2018.18020,C010,SCN4A fifth handgrip-action-myotonia P value conflicts with its 95% CI,Statistical reporting inconsistency,S_W,"[""S_W""]",recorded_candidate,,False,True,False,False,"The SCN4A fifth handgrip effect, zero-crossing CI, and P=.009 do not reconcile under the printed subgroup dependent-t context. The focal mismatch is within the main article.",,,2018/jama.2018.18020/.ai_paper_validation/final_report_1_5_2.md,341,"[""2018/jama.2018.18020/.ai_paper_validation/review_1_5_2/source_inventory.md""]"
2018::jama.2018.18020::C011,2018,jama.2018.18020,C011,"SCN4A fifth transient-paresis estimate, interval, and P value do not form a compatible dependent-t result",Statistical reporting inconsistency,S_W,"[""S_W""]",recorded_candidate,,False,True,False,False,"The SCN4A fifth transient-paresis estimate, interval, and P value are mutually incompatible under the printed dependent-t context. The focal mismatch is within the main article.",,,2018/jama.2018.18020/.ai_paper_validation/final_report_1_5_2.md,374,"[""2018/jama.2018.18020/.ai_paper_validation/review_1_5_2/source_inventory.md""]"
2018::jama.2018.18020::C012,2018,jama.2018.18020,C012,Myotonic-discharge P value conflicts with the dependent-t 95% CI,Statistical reporting inconsistency,S_W,"[""S_W""]",recorded_candidate,,False,True,False,False,"The myotonic-discharge effect, CI, and P<.001 do not reconcile under the printed N=27 dependent-t context. The focal mismatch is within the main article.",,,2018/jama.2018.18020/.ai_paper_validation/final_report_1_5_2.md,407,"[""2018/jama.2018.18020/.ai_paper_validation/review_1_5_2/source_inventory.md""]"
2018::jama.2018.18020::C013,2018,jama.2018.18020,C013,First handgrip placebo-period interval is reversed and excludes its estimate,Statistical reporting inconsistency,S_W,"[""S_W""]",recorded_candidate,,False,True,False,False,The first-attempt handgrip placebo-period cell prints an interval in reverse order that also excludes its printed point estimate. The focal mismatch is within the main article.,,,2018/jama.2018.18020/.ai_paper_validation/final_report_1_5_2.md,440,"[""2018/jama.2018.18020/.ai_paper_validation/review_1_5_2/source_inventory.md""]"
2018::jama.2018.18020::C014,2018,jama.2018.18020,C014,Mean Timed Up&Go placebo-period estimate lies outside its interval,Statistical reporting inconsistency,S_W,"[""S_W""]",recorded_candidate,,False,True,False,False,The mean Timed Up&Go placebo-period estimate exceeds the upper endpoint of its printed interval. The focal mismatch is within the main article.,,,2018/jama.2018.18020/.ai_paper_validation/final_report_1_5_2.md,473,"[""2018/jama.2018.18020/.ai_paper_validation/review_1_5_2/source_inventory.md""]"
2018::jama.2018.6496::C001,2018,jama.2018.6496,C001,Reverse-ordered confidence-interval endpoints for all-patient first-attempt duration,Statistical reporting inconsistency,S_W,"[""S_W""]",recorded_candidate,,False,True,False,False,"The main Table 3 CI is printed 4 to -1, a reversed order inside one table. The supplement explicitly recalculates inference for physician clustering and therefore is distinct-model context, not a same-analysis cross-file mismatch.",The clustered -1 to 4 interval cannot establish the intended unclustered endpoints.,,2018/jama.2018.6496/.ai_paper_validation/final_report_1_5_2.md,48,"[""2018/jama.2018.6496/.ai_paper_validation/review_1_5_2/source_inventory.md"", ""2018/jama.2018.6496/.ai_paper_validation/review_1_5_2/verification/evidence_recheck.md""]"
2018::jama.2018.6496::C002,2018,jama.2018.6496,C002,Two-patient ETT+stylet denominator difference across linked hypoxemia outcomes,"Denominator, proportion, or total inconsistency",S_W,"[""S_W""]",recorded_candidate,,False,True,False,False,Main Tables 3 and 5 use ETT+stylet denominators 366 and 364 for linked composite/hypoxemia outcomes. Protocol definitions explain the relationship and even support outcome-specific missingness; there is no independent inconsistency with the protocol.,"Known first-attempt failures may be classifiable as composite failures without a valid hypoxemia waveform, allowing different denominators. The discrepancy remains conditional and within the main article.",,2018/jama.2018.6496/.ai_paper_validation/final_report_1_5_2.md,83,"[""2018/jama.2018.6496/.ai_paper_validation/review_1_5_2/source_inventory.md"", ""2018/jama.2018.6496/.ai_paper_validation/review_1_5_2/verification/evidence_recheck.md""]"
2018::jama.2018.6496::C003,2018,jama.2018.6496,C003,Protocol and published hypoxemia observation windows use different endpoint events,"Measure, label, or scale inconsistency",P_R,"[""P_R""]",recorded_candidate,endpoint_definition_window_hierarchy,True,False,True,False,"The protocol ends hypoxemia surveillance one minute after ETT-cuff inflation, while the published materials end it one minute after intubation-attempt completion; the supplied package does not document whether those events were treated as equivalent or whether the definition changed. The reported article/results definition is compared substantively with the supplied protocol or SAP.","The planned cuff-inflation and reported blade-removal events may have been harmonized or intentionally changed, but no amendment/equivalence rule is supplied. The data form corroborates the reported operational event; it is not a separately counted protocol-versus-manual discrepancy.",,2018/jama.2018.6496/.ai_paper_validation/final_report_1_5_2.md,118,"[""2018/jama.2018.6496/.ai_paper_validation/review_1_5_2/source_inventory.md"", ""2018/jama.2018.6496/.ai_paper_validation/review_1_5_2/verification/evidence_recheck.md""]"
2018::jama.2018.6496::C004,2018,jama.2018.6496,C004,Protocol and published first-attempt-duration measures use different endpoint events,"Measure, label, or scale inconsistency",P_R,"[""P_R""]",recorded_candidate,endpoint_definition_window_hierarchy,True,False,True,False,"The protocol defines first-attempt time to intubation through ETT-cuff inflation, whereas the published analyses use blade removal; the supplied package does not document how or why the measurement endpoint changed. The reported article/results definition is compared substantively with the supplied protocol or SAP.","The planned cuff-inflation and reported blade-removal events may have been harmonized or intentionally changed, but no amendment/equivalence rule is supplied. The data form corroborates the reported operational event; it is not a separately counted protocol-versus-manual discrepancy.",,2018/jama.2018.6496/.ai_paper_validation/final_report_1_5_2.md,153,"[""2018/jama.2018.6496/.ai_paper_validation/review_1_5_2/source_inventory.md"", ""2018/jama.2018.6496/.ai_paper_validation/review_1_5_2/verification/evidence_recheck.md""]"
2018::jama.2018.8802::C001,2018,jama.2018.8802,C001,Table 1 CAD/previous-myocardial-infarction percentage does not reproduce,Numeric or arithmetic inconsistency,S_W,"[""S_W""]",recorded_candidate,,False,True,False,False,"The intervention cell prints 311 (13.05) under a 2,400-patient column, but the displayed fraction does not yield 13.05%. The focal mismatch is within the main article.",,,2018/jama.2018.8802/.ai_paper_validation/final_report_1_5_2.md,47,"[""2018/jama.2018.8802/.ai_paper_validation/review_1_5_2/source_inventory.md""]"
2018::jama.2018.8802::C002,2018,jama.2018.8802,C002,LDL eligibility boundary differs between result labels and supplied measure definition,"Measure, label, or scale inconsistency",P_R,"[""P_R"", ""S_C"", ""S_W""]",recorded_candidate,population_recruitment_sites,True,True,True,False,"Main Table 2 and the sensitivity-results eTable use LDL >100; the protocol formal definition and results-supplement eTable 1 use >=100. The target is eligibility as formally defined versus attached to reported results, giving P_R; the main-versus-results-definition and within-supplement definition/label differences also substantively occur.",Mixed planned/reported and submission-internal definition relationships. Labels may be abbreviations while the inclusive definition governed the denominators; participant-level LDL-at-100 data are absent.,,2018/jama.2018.8802/.ai_paper_validation/final_report_1_5_2.md,80,"[""2018/jama.2018.8802/.ai_paper_validation/review_1_5_2/source_inventory.md"", ""2018/jama.2018.8802/.ai_paper_validation/review_1_5_2/verification/evidence_recheck.md""]"
2018::jama.2018.8802::C003,2018,jama.2018.8802,C003,eTable 4 discharge-antithrombotics control percentage does not reproduce,"Denominator, proportion, or total inconsistency",S_W,"[""S_W""]",recorded_candidate,,False,True,False,False,"The control cell prints 2141/2400 (89.3), but the fraction rounds to 89.2% at one decimal. The focal mismatch is within one non-plan results supplement.",,,2018/jama.2018.8802/.ai_paper_validation/final_report_1_5_2.md,113,"[""2018/jama.2018.8802/.ai_paper_validation/review_1_5_2/source_inventory.md""]"
2018::jama.2018.8802::C004,2018,jama.2018.8802,C004,eTable 4 AF-anticoagulation control percentage does not reproduce,"Denominator, proportion, or total inconsistency",S_W,"[""S_W""]",recorded_candidate,,False,True,False,False,"The control cell prints 39/174 (22.5), but the fraction rounds to 22.4% at one decimal. The focal mismatch is within one non-plan results supplement.",,,2018/jama.2018.8802/.ai_paper_validation/final_report_1_5_2.md,146,"[""2018/jama.2018.8802/.ai_paper_validation/review_1_5_2/source_inventory.md""]"
2018::jama.2018.8802::C005,2018,jama.2018.8802,C005,eTable 4 lipid-lowering control percentage does not reproduce,"Denominator, proportion, or total inconsistency",S_W,"[""S_W""]",recorded_candidate,,False,True,False,False,"The control cell prints 1439/1586 (90.8), but the fraction rounds to 90.7% at one decimal. The focal mismatch is within one non-plan results supplement.",,,2018/jama.2018.8802/.ai_paper_validation/final_report_1_5_2.md,179,"[""2018/jama.2018.8802/.ai_paper_validation/review_1_5_2/source_inventory.md""]"
2018::jama.2018.8802::C006,2018,jama.2018.8802,C006,eTable 4 antidiabetic-medication control percentage does not reproduce,"Denominator, proportion, or total inconsistency",S_W,"[""S_W""]",recorded_candidate,,False,True,False,False,"The control cell prints 557/688 (81.1), but the fraction rounds to 81.0% at one decimal. The focal mismatch is within one non-plan results supplement.",,,2018/jama.2018.8802/.ai_paper_validation/final_report_1_5_2.md,212,"[""2018/jama.2018.8802/.ai_paper_validation/review_1_5_2/source_inventory.md""]"
2018::jama.2018.8802::C007,2018,jama.2018.8802,C007,baseline-survey patient total does not reconcile with stated per-cluster inclusion,Cross-document numeric inconsistency,S_C,"[""S_C""]",recorded_candidate,,False,True,True,False,"Main Table 1 reports 801 baseline-survey patients in 40 hospitals, while the ordinary results-supplement eAppendix says 20 patients per cluster were included, implying 800. Protocol 40-cluster statements corroborate the cluster count; the discrepant total versus per-cluster inclusion claim is main versus non-plan supplement.","Twenty may be a target, with one cluster enrolling 21; the printed retrospective inclusion claim lacks that qualification. No additional plan discrepancy is counted.",,2018/jama.2018.8802/.ai_paper_validation/final_report_1_5_2.md,245,"[""2018/jama.2018.8802/.ai_paper_validation/review_1_5_2/source_inventory.md"", ""2018/jama.2018.8802/.ai_paper_validation/review_1_5_2/verification/evidence_recheck.md""]"
2018::jama.2018.8802::C008,2018,jama.2018.8802,C008,in-hospital death absolute-difference CI and P value do not reconcile,Statistical reporting inconsistency,S_W,"[""S_W""]",recorded_candidate,,False,True,False,False,"The in-hospital-death adjusted absolute-difference 95% CI contains zero, while the adjacent absolute-difference P-value cell is .009 under the article's two-sided testing statement. The focal mismatch is within the main article.",,,2018/jama.2018.8802/.ai_paper_validation/final_report_1_5_2.md,278,"[""2018/jama.2018.8802/.ai_paper_validation/review_1_5_2/source_inventory.md""]"
2018::jama.2018.9128::C001,2018,jama.2018.9128,C001,Intervention 3-month BMI-observation count differs across result displays,Cross-document numeric inconsistency,S_C,"[""S_C"", ""S_W""]",recorded_candidate,,False,True,True,False,The intervention 3-month BMI count is 288 in the flow diagram and 279 in both the observed-BMI figure and eTable. The focal comparison is the main article versus a non-plan results supplement.,"Mixed main-flow versus main-graph and main-flow versus results-eTable comparison; graph/eTable agree. A cleaned descriptive subset could explain the counts, but its inclusion rule is absent. Each arm/visit is a distinct repeated-result record, not an identical duplicate.",,2018/jama.2018.9128/.ai_paper_validation/final_report_1_5_2.md,64,"[""2018/jama.2018.9128/.ai_paper_validation/review_1_5_2/source_inventory.md""]"
2018::jama.2018.9128::C002,2018,jama.2018.9128,C002,Control 3-month BMI-observation count differs across result displays,Cross-document numeric inconsistency,S_C,"[""S_C"", ""S_W""]",recorded_candidate,,False,True,True,False,The control 3-month BMI count is 277 in the flow diagram and 271 in both the observed-BMI figure and eTable. The focal comparison is the main article versus a non-plan results supplement.,"Mixed main-flow versus main-graph and main-flow versus results-eTable comparison; graph/eTable agree. A cleaned descriptive subset could explain the counts, but its inclusion rule is absent. Each arm/visit is a distinct repeated-result record, not an identical duplicate.",,2018/jama.2018.9128/.ai_paper_validation/final_report_1_5_2.md,99,"[""2018/jama.2018.9128/.ai_paper_validation/review_1_5_2/source_inventory.md""]"
2018::jama.2018.9128::C003,2018,jama.2018.9128,C003,Intervention 9-month BMI-observation count differs across result displays,Cross-document numeric inconsistency,S_C,"[""S_C"", ""S_W""]",recorded_candidate,,False,True,True,False,The intervention 9-month BMI count is 282 in the flow diagram and 280 in both the observed-BMI figure and eTable. The focal comparison is the main article versus a non-plan results supplement.,"Mixed main-flow versus main-graph and main-flow versus results-eTable comparison; graph/eTable agree. A cleaned descriptive subset could explain the counts, but its inclusion rule is absent. Each arm/visit is a distinct repeated-result record, not an identical duplicate.",,2018/jama.2018.9128/.ai_paper_validation/final_report_1_5_2.md,134,"[""2018/jama.2018.9128/.ai_paper_validation/review_1_5_2/source_inventory.md""]"
2018::jama.2018.9128::C004,2018,jama.2018.9128,C004,Intervention 12-month BMI-observation count differs across result displays,Cross-document numeric inconsistency,S_C,"[""S_C"", ""S_W""]",recorded_candidate,,False,True,True,False,The intervention 12-month BMI count is 275 in the flow diagram and 274 in both the observed-BMI figure and eTable. The focal comparison is the main article versus a non-plan results supplement.,"Mixed main-flow versus main-graph and main-flow versus results-eTable comparison; graph/eTable agree. A cleaned descriptive subset could explain the counts, but its inclusion rule is absent. Each arm/visit is a distinct repeated-result record, not an identical duplicate.",,2018/jama.2018.9128/.ai_paper_validation/final_report_1_5_2.md,169,"[""2018/jama.2018.9128/.ai_paper_validation/review_1_5_2/source_inventory.md""]"
2018::jama.2018.9128::C005,2018,jama.2018.9128,C005,Control 12-month BMI-observation count differs across result displays,Cross-document numeric inconsistency,S_C,"[""S_C"", ""S_W""]",recorded_candidate,,False,True,True,False,The control 12-month BMI count is 276 in the flow diagram and 275 in both the observed-BMI figure and eTable. The focal comparison is the main article versus a non-plan results supplement.,"Mixed main-flow versus main-graph and main-flow versus results-eTable comparison; graph/eTable agree. A cleaned descriptive subset could explain the counts, but its inclusion rule is absent. Each arm/visit is a distinct repeated-result record, not an identical duplicate.",,2018/jama.2018.9128/.ai_paper_validation/final_report_1_5_2.md,204,"[""2018/jama.2018.9128/.ai_paper_validation/review_1_5_2/source_inventory.md""]"
2018::jama.2018.9128::C006,2018,jama.2018.9128,C006,Intervention 24-month BMI-observation count differs across result displays,Cross-document numeric inconsistency,S_C,"[""S_C"", ""S_W""]",recorded_candidate,,False,True,True,False,The intervention 24-month BMI count is 280 in the flow diagram and 278 in both the observed-BMI figure and eTable. The focal comparison is the main article versus a non-plan results supplement.,"Mixed main-flow versus main-graph and main-flow versus results-eTable comparison; graph/eTable agree. A cleaned descriptive subset could explain the counts, but its inclusion rule is absent. Each arm/visit is a distinct repeated-result record, not an identical duplicate.",,2018/jama.2018.9128/.ai_paper_validation/final_report_1_5_2.md,239,"[""2018/jama.2018.9128/.ai_paper_validation/review_1_5_2/source_inventory.md""]"
2018::jama.2018.9128::C007,2018,jama.2018.9128,C007,Control 24-month BMI-observation count differs across result displays,Cross-document numeric inconsistency,S_C,"[""S_C"", ""S_W""]",recorded_candidate,,False,True,True,False,The control 24-month BMI count is 267 in the flow diagram and 266 in both the observed-BMI figure and eTable. The focal comparison is the main article versus a non-plan results supplement.,"Mixed main-flow versus main-graph and main-flow versus results-eTable comparison; graph/eTable agree. A cleaned descriptive subset could explain the counts, but its inclusion rule is absent. Each arm/visit is a distinct repeated-result record, not an identical duplicate.",,2018/jama.2018.9128/.ai_paper_validation/final_report_1_5_2.md,274,"[""2018/jama.2018.9128/.ai_paper_validation/review_1_5_2/source_inventory.md""]"
2018::jama.2018.9128::C008,2018,jama.2018.9128,C008,Intervention 36-month BMI-observation count differs across result displays,Cross-document numeric inconsistency,S_C,"[""S_C"", ""S_W""]",recorded_candidate,,False,True,True,False,The intervention 36-month count is 278 retained/BMI collected in the flow diagram and 276 in both the observed-BMI figure and eTable. The focal comparison is the main article versus a non-plan results supplement.,"Mixed main-flow versus main-graph and main-flow versus results-eTable comparison; graph/eTable agree. A cleaned descriptive subset could explain the counts, but its inclusion rule is absent. Each arm/visit is a distinct repeated-result record, not an identical duplicate.",,2018/jama.2018.9128/.ai_paper_validation/final_report_1_5_2.md,309,"[""2018/jama.2018.9128/.ai_paper_validation/review_1_5_2/source_inventory.md""]"
2018::jama.2018.9128::C009,2018,jama.2018.9128,C009,Final SAP says six assessment points but enumerates five,Numeric or arithmetic inconsistency,P_P,"[""P_P""]",recorded_candidate,,True,False,False,False,The final SAP says six timepoints but enumerates only five. The protocol schedule and article/eTable corroborate 24 months as the likely missing item; the focal contradiction is the SAP total versus its own list.,P_P only; printed 24-month results do not establish that the primary model used that occasion.,,2018/jama.2018.9128/.ai_paper_validation/final_report_1_5_2.md,344,"[""2018/jama.2018.9128/.ai_paper_validation/review_1_5_2/source_inventory.md"", ""2018/jama.2018.9128/.ai_paper_validation/review_1_5_2/verification/evidence_recheck.md""]"
2018::jama.2018.9128::C010,2018,jama.2018.9128,C010,Revised protocol gives six points but lists seven including 48 months,"Denominator, proportion, or total inconsistency",P_P,"[""P_P""]",recorded_candidate,,True,False,False,False,"The revised protocol says six points/T1-T6 but enumerates seven including 48 months, and elsewhere on the page says seven. The article/eTable 36-month horizon is contextual; no missing published 48-month outcome is counted as a report-versus-plan discrepancy.",A separately approved 48-month extension outside the six core visits could reconcile the wording; amendment chronology is absent.,,2018/jama.2018.9128/.ai_paper_validation/final_report_1_5_2.md,379,"[""2018/jama.2018.9128/.ai_paper_validation/review_1_5_2/source_inventory.md"", ""2018/jama.2018.9128/.ai_paper_validation/review_1_5_2/verification/evidence_recheck.md""]"
2018::jama.2018.9128::C011,2018,jama.2018.9128,C011,Original protocol labels primary outcome as BMI percentile/BMI% while results use BMI kg/m²,"Measure, label, or scale inconsistency",P_R,"[""P_R"", ""P_P""]",recorded_candidate,endpoint_definition_window_hierarchy,True,False,True,False,"Original protocol BMI Percentile/BMI% wording differs from the final SAP and article/results raw BMI kg/m2 measure, and the original protocol itself supplies the raw-BMI formula. This is explicitly a planned-versus-reported outcome-scale comparison plus an internal/across-version plan-label inconsistency.",Mixed plan/report and plan-internal relationships. The original label may have been shorthand/typo or the scale may have changed; the amendment summary mentions model changes but does not explain this label transition.,,2018/jama.2018.9128/.ai_paper_validation/final_report_1_5_2.md,414,"[""2018/jama.2018.9128/.ai_paper_validation/review_1_5_2/source_inventory.md"", ""2018/jama.2018.9128/.ai_paper_validation/review_1_5_2/verification/evidence_recheck.md""]"
2018::jama.2018.9128::C012,2018,jama.2018.9128,C012,Control-condition session count and duration differ across protocol versions and article,Cross-document numeric inconsistency,P_R,"[""P_R"", ""P_P""]",recorded_candidate,intervention_delivery,True,False,True,False,"Control exposure is 12x60 minutes in the original protocol, 7x45 in the revised protocol, and 6x30 in the article. The card expressly compares both plan versions and their relation to the reported intervention, so P_R and P_P apply.","Mixed between-plan-version and report-versus-plan relationships. Successive amendments, ancillary components, baseline/48-month visits, and actual delivery could explain the differences; no mapping or delivery logs are supplied.",,2018/jama.2018.9128/.ai_paper_validation/final_report_1_5_2.md,449,"[""2018/jama.2018.9128/.ai_paper_validation/review_1_5_2/source_inventory.md"", ""2018/jama.2018.9128/.ai_paper_validation/review_1_5_2/verification/evidence_recheck.md""]"
2018::jama.2018.9128::C013,2018,jama.2018.9128,C013,Control 9-month BMI-observation count differs across result displays,Cross-document numeric inconsistency,S_C,"[""S_C"", ""S_W""]",recorded_candidate,,False,True,True,False,The control 9-month BMI count is 282 in the flow diagram and 280 in both the observed-BMI figure and eTable. The focal comparison is the main article versus a non-plan results supplement.,"Mixed main-flow versus main-graph and main-flow versus results-eTable comparison; graph/eTable agree. A cleaned descriptive subset could explain the counts, but its inclusion rule is absent. Each arm/visit is a distinct repeated-result record, not an identical duplicate.",,2018/jama.2018.9128/.ai_paper_validation/final_report_1_5_2.md,484,"[""2018/jama.2018.9128/.ai_paper_validation/review_1_5_2/source_inventory.md""]"
2019::jama.2019.0556::C001,2019,jama.2019.0556,C001,Table 2 footnote duplicates the supplements-without-therapy label,"Measure, label, or scale inconsistency",S_W,"[""S_W""]",recorded_candidate,,False,True,False,False,"Main Table 2 calls both 32/256 and 22/256 supplements without therapy, whereas its other footnote and Results identify 22/256 as supplements with therapy. The conflicting arm labels are within the article.",,,2019/jama.2019.0556/.ai_paper_validation/final_report_1_4_1.md,49,"[""2019/jama.2019.0556/.ai_paper_validation/review_1_4_1/source_inventory.md"", ""2019/jama.2019.0556/.ai_paper_validation/review_1_4_1/verification/evidence_recheck.md""]"
2019::jama.2019.0556::C002,2019,jama.2019.0556,C002,Supplement-adherence cutoff changes from inclusive to strict wording,"Measure, label, or scale inconsistency",S_C,"[""S_C"", ""S_W""]",recorded_candidate,,False,True,True,False,The main Results strict >70% adherence wording conflicts with both main Methods and the results supplement eAppendices 8/12 inclusive >=70% definition. The explicitly matched main/supplement cutoff comparison is substantive; there is also a within-main wording mismatch. The word predefined does not establish a protocol/SAP comparator.,Mixed main-versus-results-supplement and within-main relation. Results may be informal prose and there may be no observations exactly at 70%.,,2019/jama.2019.0556/.ai_paper_validation/final_report_1_4_1.md,83,"[""2019/jama.2019.0556/.ai_paper_validation/review_1_4_1/source_inventory.md"", ""2019/jama.2019.0556/.ai_paper_validation/review_1_4_1/verification/evidence_recheck.md""]"
2019::jama.2019.0556::C003,2019,jama.2019.0556,C003,eAppendix 8 footnote markers point to unrelated adherence rows,"Measure, label, or scale inconsistency",S_W,"[""S_W""]",recorded_candidate,,False,True,False,False,"Results-supplement eAppendix 8 assigns asterisks on adherence rows to a Morisky note and leaves the kappa note without a double-marker target, all on one supplement page.",,,2019/jama.2019.0556/.ai_paper_validation/final_report_1_4_1.md,117,"[""2019/jama.2019.0556/.ai_paper_validation/review_1_4_1/source_inventory.md"", ""2019/jama.2019.0556/.ai_paper_validation/review_1_4_1/verification/evidence_recheck.md""]"
2019::jama.2019.0556::C004,2019,jama.2019.0556,C004,eAppendix 10 prints a literal P value of zero,Statistical reporting inconsistency,S_W,"[""S_W""]",recorded_candidate,,False,True,False,False,"The results supplement displays literal p=0 beside a nonzero coefficient and interval in its own eAppendix 10B. This is an internal statistical-display concern, with no competing protocol statement.",Zero may be fixed-precision rendering of a small positive P value; exact inferential implementation and display convention are absent.,,2019/jama.2019.0556/.ai_paper_validation/final_report_1_4_1.md,151,"[""2019/jama.2019.0556/.ai_paper_validation/review_1_4_1/source_inventory.md"", ""2019/jama.2019.0556/.ai_paper_validation/review_1_4_1/verification/evidence_recheck.md""]"
2019::jama.2019.0556::C005,2019,jama.2019.0556,C005,Main-article sample-size total conflicts with four stated cell counts,Numeric or arithmetic inconsistency,S_W,"[""S_W""]",recorded_candidate,,False,True,False,False,"The article calls 392 the required sample while saying 196 in each of four combinations (784). This is internal sample-size arithmetic, distinct from C007 comparing planning assumptions across documents.","392 could describe a marginal factorial quantity, but the sentence does not specify that unit.",,2019/jama.2019.0556/.ai_paper_validation/final_report_1_4_1.md,185,"[""2019/jama.2019.0556/.ai_paper_validation/review_1_4_1/source_inventory.md"", ""2019/jama.2019.0556/.ai_paper_validation/review_1_4_1/verification/evidence_recheck.md""]"
2019::jama.2019.0556::C006,2019,jama.2019.0556,C006,Protocol calls a 30% versus 15% contrast a 25% difference,Numeric or arithmetic inconsistency,P_P,"[""P_P""]",recorded_candidate,,True,False,False,False,One protocol paragraph calls 30% versus 15% incidence a 25% difference; the usual absolute and relative differences are 15 points and 50%. Both incompatible quantities are inside the protocol.,The intended metric for 25% is not defined; C007 compares different documents and is not an exact duplicate.,,2019/jama.2019.0556/.ai_paper_validation/final_report_1_4_1.md,219,"[""2019/jama.2019.0556/.ai_paper_validation/review_1_4_1/source_inventory.md"", ""2019/jama.2019.0556/.ai_paper_validation/review_1_4_1/verification/evidence_recheck.md""]"
2019::jama.2019.0556::C007,2019,jama.2019.0556,C007,Protocol and publication state different sample-size assumptions,Cross-document numeric inconsistency,P_R,"[""P_R""]",recorded_candidate,analysis_specification,True,False,True,False,"Article planning assumptions (active incidence 20%, 196 per combination, attrition 22%) differ from protocol assumptions (15%, 180 per group, dropout 20%), despite a shared 250-per-arm target. This is a direct report-versus-protocol comparison.","Protocol version 7 is dated July 6, 2017; article refers to design-time assumptions. Different planning stages or an approved amendment remain possible. C005 and C006 are separate internal arithmetic defects.",,2019/jama.2019.0556/.ai_paper_validation/final_report_1_4_1.md,253,"[""2019/jama.2019.0556/.ai_paper_validation/review_1_4_1/source_inventory.md"", ""2019/jama.2019.0556/.ai_paper_validation/review_1_4_1/verification/evidence_recheck.md""]"
2019::jama.2019.0556::C008,2019,jama.2019.0556,C008,Protocol uses incompatible DSM editions for the primary endpoint,"Measure, label, or scale inconsistency",P_P,"[""P_P""]",recorded_candidate,,True,False,False,False,"Protocol p8 specifies DSM-IV and p28 DSM-5 for the same MINI-assessed MDD endpoint and schedule. The article repeats DSM-IV as corroboration of one internal protocol label; the candidate targets the protocol internal inconsistency, not a report-versus-plan deviation.",The edition-label difference may be drafting residue without an operational diagnostic change.,,2019/jama.2019.0556/.ai_paper_validation/final_report_1_4_1.md,287,"[""2019/jama.2019.0556/.ai_paper_validation/review_1_4_1/source_inventory.md"", ""2019/jama.2019.0556/.ai_paper_validation/review_1_4_1/verification/evidence_recheck.md""]"
2019::jama.2019.0556::C009,2019,jama.2019.0556,C009,Analysis-plan significance threshold lacks a comparison operator,Statistical reporting inconsistency,P_P,"[""P_P""]",recorded_candidate,,True,False,False,False,"The SAP global significance sentence prints p 0.05 without an operator, whereas a local rule in the same SAP prints p<0.05. Both sides are plan text.",The local interaction rule does not establish the intended global equality boundary.,,2019/jama.2019.0556/.ai_paper_validation/final_report_1_4_1.md,321,"[""2019/jama.2019.0556/.ai_paper_validation/review_1_4_1/source_inventory.md"", ""2019/jama.2019.0556/.ai_paper_validation/review_1_4_1/verification/evidence_recheck.md""]"
2019::jama.2019.10517::C001,2019,jama.2019.10517,C001,Table 5 absolute difference does not reproduce from the displayed counts,Numeric or arithmetic inconsistency,S_W,"[""S_W""]",recorded_candidate,,False,True,False,False,"Within main Table 5, 9/64 versus 6/62 yields 4.4 percentage points by ordinary one-decimal rounding, while two rows show 4.3. No plan comparator is involved.","Truncation, unprinted denominators, or a distinct estimator could explain the small difference.",,2019/jama.2019.10517/.ai_paper_validation/final_report_1_5_1.md,61,"[""2019/jama.2019.10517/.ai_paper_validation/review_1_5_1/source_inventory.md""]"
2019::jama.2019.10517::C002,2019,jama.2019.10517,C002,HbA1c interaction is labelled with a concentration unit while matched displays use percent,"Measure, label, or scale inconsistency",S_C,"[""S_C"", ""S_W""]",recorded_candidate,,False,True,True,False,"Main abstract/Results label the HbA1c interaction mg/dL while main Table 4 and the matched longitudinal figure in the results supplement label HbA1c percent. The card explicitly compares both report components, with an additional within-main unit mismatch.",Mixed cross-file and within-main unit comparisons; an undefined outcome transformation remains an alternative.,,2019/jama.2019.10517/.ai_paper_validation/final_report_1_5_1.md,94,"[""2019/jama.2019.10517/.ai_paper_validation/review_1_5_1/source_inventory.md"", ""2019/jama.2019.10517/.ai_paper_validation/review_1_5_1/verification/evidence_recheck.md""]"
2019::jama.2019.10517::C003,2019,jama.2019.10517,C003,Protocol recruitment target conflicts between 82 and 98 participants per site,"Denominator, proportion, or total inconsistency",P_P,"[""P_P""]",recorded_candidate,,True,False,False,False,"The same protocol/data-analytic-plan PDF specifies 98 acute recruits per site and 392 overall at four sites, but elsewhere says 82 per site (328). This is entirely inside the plan document.","Earlier target, phase, or human-subjects subset is possible but not labelled in the compared passages.",,2019/jama.2019.10517/.ai_paper_validation/final_report_1_5_1.md,127,"[""2019/jama.2019.10517/.ai_paper_validation/review_1_5_1/source_inventory.md"", ""2019/jama.2019.10517/.ai_paper_validation/review_1_5_1/verification/evidence_recheck.md""]"
2019::jama.2019.12618::C001,2019,jama.2019.12618,C001,protocol timeline end date,Numeric or arithmetic inconsistency,P_P,"[""P_P""]",recorded_candidate,,True,False,False,False,"A protocol timeline prints final enrollment May 2015, six-month follow-up December 2015, and maximum 12-month-plus-window follow-up July 2015. The ordering and implied June 2016 end conflict inside the protocol.","Cohort applicability or an amendment could distinguish the July endpoint. Document role checked: the bundle cover explicitly identifies original protocol, final protocol, and changes; its protocols are written in MOP format and contain full trial design and endpoint definitions.",,2019/jama.2019.12618/.ai_paper_validation/final_report_1_5_1.md,51,"[""2019/jama.2019.12618/.ai_paper_validation/review_1_5_1/source_inventory.md"", ""2019/jama.2019.12618/.ai_paper_validation/review_1_5_1/preprocessing/protocol_pp001_032_layout.txt"", ""2019/jama.2019.12618/.ai_paper_validation/review_1_5_1/parts/support_protocol_pp001_032.md""]"
2019::jama.2019.12618::C002,2019,jama.2019.12618,C002,eligible failure total vs switching denominators,"Denominator, proportion, or total inconsistency",S_W,"[""S_W""]",recorded_candidate,,False,True,False,False,Main Results calls 68 failures eligible while its switching fractions use 32+42=74; numerators sum correctly to 49. Article tables and flow provide the internal comparison.,"68 could be a narrower eligible subset than all 74 failures, without supplied arm-specific exclusions.",,2019/jama.2019.12618/.ai_paper_validation/final_report_1_5_1.md,84,"[""2019/jama.2019.12618/.ai_paper_validation/review_1_5_1/source_inventory.md""]"
2019::jama.2019.12618::C003,2019,jama.2019.12618,C003,allocation block sizes,Cross-document numeric inconsistency,P_R,"[""P_R""]",recorded_candidate,analysis_specification,True,False,True,False,"Article block-size set {4,6} differs from the early protocol {4,6,8}. Later SAP 4/6 definitions support a possible version-specific explanation rather than an additional candidate discrepancy between plans.","The ledger explicitly records later SAP p9 and pp49–50 matching article sizes, with probabilities 2/3 and 1/3. This may be a legitimate supersession; it is not evidence of failed randomization. Document role checked: the bundle cover explicitly identifies original protocol, final protocol, and changes; its protocols are written in MOP format and contain full trial design and endpoint definitions.",,2019/jama.2019.12618/.ai_paper_validation/final_report_1_5_1.md,117,"[""2019/jama.2019.12618/.ai_paper_validation/review_1_5_1/source_inventory.md"", ""2019/jama.2019.12618/.ai_paper_validation/review_1_5_1/verification/evidence_recheck.md"", ""2019/jama.2019.12618/.ai_paper_validation/review_1_5_1/candidate_ledger.md"", ""2019/jama.2019.12618/.ai_paper_validation/review_1_5_1/preprocessing/protocol_pp001_032_layout.txt"", ""2019/jama.2019.12618/.ai_paper_validation/review_1_5_1/parts/support_protocol_pp001_032.md""]"
2019::jama.2019.12618::C004,2019,jama.2019.12618,C004,six-month success injection-after-90-days criterion,Cross-document numeric inconsistency,P_R,"[""P_R""]",recorded_candidate,endpoint_definition_window_hierarchy,True,False,True,False,"The supplied original/final protocol is authored as a Manual of Operations and Procedures. Its final v4.5 primary-endpoint definition requires no corticosteroid injection after day 90, while the article enumerated success definition omits that condition. This is a report-versus-protocol endpoint comparison, not merely a procedures annex assigned a plan role because of its filename.","Manual v4.5 may be abbreviated in the article or amended; eight reported injections cannot be translated into changed success counts. SAP sensitivity text is contextual, not a proven primary-rule discrepancy. Document role checked: the bundle cover explicitly identifies original protocol, final protocol, and changes; its protocols are written in MOP format and contain full trial design and endpoint definitions.",,2019/jama.2019.12618/.ai_paper_validation/final_report_1_5_1.md,150,"[""2019/jama.2019.12618/.ai_paper_validation/review_1_5_1/source_inventory.md"", ""2019/jama.2019.12618/.ai_paper_validation/review_1_5_1/verification/evidence_recheck.md"", ""2019/jama.2019.12618/.ai_paper_validation/review_1_5_1/candidate_ledger.md"", ""2019/jama.2019.12618/.ai_paper_validation/review_1_5_1/preprocessing/protocol_pp001_032_layout.txt"", ""2019/jama.2019.12618/.ai_paper_validation/review_1_5_1/parts/support_protocol_pp001_032.md"", ""2019/jama.2019.12618/.ai_paper_validation/review_1_5_1/preprocessing/protocol_pp065_096_layout.txt"", ""2019/jama.2019.12618/.ai_paper_validation/review_1_5_1/parts/support_protocol_pp065_096.md"", ""2019/jama.2019.12618/.ai_paper_validation/review_1_5_1/preprocessing/evidence_recheck_protocol_p080.png""]"
2019::jama.2019.12618::C005,2019,jama.2019.12618,C005,missed-dose Welch P=.87 compatibility,Statistical reporting inconsistency,S_W,"[""S_W""]",recorded_candidate,,False,True,False,False,"Main Table 2 missed-dose means, SDs and header Ns plus main Welch-test method produce a diagnostic P around .0094, unlike printed .87. All discrepant inputs and claimed method are within the article.","Row-specific N, SD meaning, transformation, or actual test output may differ from the reconstruction.",,2019/jama.2019.12618/.ai_paper_validation/final_report_1_5_1.md,183,"[""2019/jama.2019.12618/.ai_paper_validation/review_1_5_1/source_inventory.md""]"
2019::jama.2019.12618::C006,2019,jama.2019.12618,C006,main Table 3 MMF n=109 header vs supplement N=108/percentages,Cross-document numeric inconsistency,S_C,"[""S_C"", ""S_W""]",recorded_candidate,,False,True,True,False,Main adverse-event Table 3 labels MMF n109 whereas results-supplement eTables4–6 label treated N108; main count/percent cells also imply 108. The target includes cross-file header discrepancy and a within-main header-versus-percentage check.,"The main footnote says one patient never received drug, so randomized header versus treated percentage convention may be intentional. Fatigue59(54.6) is internal only; eTable6 does not repeat it.",,2019/jama.2019.12618/.ai_paper_validation/final_report_1_5_1.md,216,"[""2019/jama.2019.12618/.ai_paper_validation/review_1_5_1/source_inventory.md"", ""2019/jama.2019.12618/.ai_paper_validation/review_1_5_1/verification/evidence_recheck.md""]"
2019::jama.2019.12618::C007,2019,jama.2019.12618,C007,eTable 9 MMF serious diarrhea 1 (3.4) vs N=20,"Denominator, proportion, or total inconsistency",S_W,"[""S_W""]",recorded_candidate,,False,True,False,False,One results-supplement eTable9 cell shows serious diarrhea1(3.4) in MMF N20; the same-table denominator gives5.0%. This is within one non-plan supplement.,,,2019/jama.2019.12618/.ai_paper_validation/final_report_1_5_1.md,249,"[""2019/jama.2019.12618/.ai_paper_validation/review_1_5_1/source_inventory.md""]"
2019::jama.2019.12618::C008,2019,jama.2019.12618,C008,eTable 8 serious-ocular hypertension label vs eTable 1 surgery-required definition,"Measure, label, or scale inconsistency",S_W,"[""S_W""]",recorded_candidate,,False,True,False,False,Results-supplement eTable8 serious ocular hypertension row uses >24mmHg while eTable1 defines serious cases as surgery-required and eTable9 uses that label. All compared eTables belong to the same results supplement.,A copied/abbreviated row label or an unprinted definition is possible; an unresolved eFigure2 footnote is not a second document.,,2019/jama.2019.12618/.ai_paper_validation/final_report_1_5_1.md,282,"[""2019/jama.2019.12618/.ai_paper_validation/review_1_5_1/source_inventory.md""]"
2019::jama.2019.14231::C001,2019,jama.2019.14231,C001,Protocol matching direction conflicts with the final matched cohort,Cross-document numeric inconsistency,P_R,"[""P_R""]",recorded_candidate,analysis_specification,True,False,True,False,"Protocol says one nonsurgical patient matched to five surgical patients; main report says the opposite, with2287 surgical and11435 nonsurgical patients confirming five controls per surgical patient.",Protocol grammar may be inverted; implementation code and version history are absent.,,2019/jama.2019.14231/.ai_paper_validation/final_report_1_5_1.md,52,"[""2019/jama.2019.14231/.ai_paper_validation/review_1_5_1/source_inventory.md"", ""2019/jama.2019.14231/.ai_paper_validation/review_1_5_1/verification/evidence_recheck.md"", ""2019/jama.2019.14231/.ai_paper_validation/review_1_5_1/checkers/cross_source_consistency.md""]"
2019::jama.2019.14231::C002,2019,jama.2019.14231,C002,Heart-failure ARD does not reconcile with displayed 8-year incidences,Numeric or arithmetic inconsistency,S_W,"[""S_W""]",recorded_candidate,,False,True,False,False,"Main Table2 itself prints heart failure incidences 18.9% and 6.8% together with ARD12.9%, although direct subtraction yields12.1 points. Results supplement repeats agreeing incidences and therefore corroborates the internal main-table arithmetic rather than introducing a cross-file discrepancy.","A separate ARD point estimator may explain the discrepancy. Cross-source checker treats matching source displays as concordant; final recheck retains the internal point-estimator question, distinguishing bootstrapped CI from point estimation.",,2019/jama.2019.14231/.ai_paper_validation/final_report_1_5_1.md,85,"[""2019/jama.2019.14231/.ai_paper_validation/review_1_5_1/source_inventory.md"", ""2019/jama.2019.14231/.ai_paper_validation/review_1_5_1/verification/evidence_recheck.md"", ""2019/jama.2019.14231/.ai_paper_validation/review_1_5_1/checkers/cross_source_consistency.md""]"
2019::jama.2019.14231::C003,2019,jama.2019.14231,C003,Coronary-disease ARD does not reconcile with displayed 8-year incidences,Numeric or arithmetic inconsistency,S_W,"[""S_W""]",recorded_candidate,,False,True,False,False,"Main Table2 itself prints coronary disease incidences 11.6% and 7.9% together with ARD4.2%, although direct subtraction yields3.7 points. Results supplement repeats agreeing incidences and therefore corroborates the internal main-table arithmetic rather than introducing a cross-file discrepancy.","A separate ARD point estimator may explain the discrepancy. Cross-source checker treats matching source displays as concordant; final recheck retains the internal point-estimator question, distinguishing bootstrapped CI from point estimation.",,2019/jama.2019.14231/.ai_paper_validation/final_report_1_5_1.md,118,"[""2019/jama.2019.14231/.ai_paper_validation/review_1_5_1/source_inventory.md"", ""2019/jama.2019.14231/.ai_paper_validation/review_1_5_1/verification/evidence_recheck.md"", ""2019/jama.2019.14231/.ai_paper_validation/review_1_5_1/checkers/cross_source_consistency.md""]"
2019::jama.2019.14231::C004,2019,jama.2019.14231,C004,Cerebrovascular-disease ARD does not reconcile with displayed 8-year incidences,Numeric or arithmetic inconsistency,S_W,"[""S_W""]",recorded_candidate,,False,True,False,False,"Main Table2 itself prints cerebrovascular disease incidences 5.6% and 4.1% together with ARD1.8%, although direct subtraction yields1.5 points. Results supplement repeats agreeing incidences and therefore corroborates the internal main-table arithmetic rather than introducing a cross-file discrepancy.","A separate ARD point estimator may explain the discrepancy. Cross-source checker treats matching source displays as concordant; final recheck retains the internal point-estimator question, distinguishing bootstrapped CI from point estimation.",,2019/jama.2019.14231/.ai_paper_validation/final_report_1_5_1.md,151,"[""2019/jama.2019.14231/.ai_paper_validation/review_1_5_1/source_inventory.md"", ""2019/jama.2019.14231/.ai_paper_validation/review_1_5_1/verification/evidence_recheck.md"", ""2019/jama.2019.14231/.ai_paper_validation/review_1_5_1/checkers/cross_source_consistency.md""]"
2019::jama.2019.14231::C005,2019,jama.2019.14231,C005,Nephropathy ARD does not reconcile with displayed 8-year incidences,Numeric or arithmetic inconsistency,S_W,"[""S_W""]",recorded_candidate,,False,True,False,False,"Main Table2 itself prints nephropathy incidences 16.3% and 6.1% together with ARD11.1%, although direct subtraction yields10.2 points. Results supplement repeats agreeing incidences and therefore corroborates the internal main-table arithmetic rather than introducing a cross-file discrepancy.","A separate ARD point estimator may explain the discrepancy. Cross-source checker treats matching source displays as concordant; final recheck retains the internal point-estimator question, distinguishing bootstrapped CI from point estimation.",,2019/jama.2019.14231/.ai_paper_validation/final_report_1_5_1.md,184,"[""2019/jama.2019.14231/.ai_paper_validation/review_1_5_1/source_inventory.md"", ""2019/jama.2019.14231/.ai_paper_validation/review_1_5_1/verification/evidence_recheck.md"", ""2019/jama.2019.14231/.ai_paper_validation/review_1_5_1/checkers/cross_source_consistency.md""]"
2019::jama.2019.14231::C006,2019,jama.2019.14231,C006,Atrial-fibrillation ARD does not reconcile with displayed 8-year incidences,Numeric or arithmetic inconsistency,S_W,"[""S_W""]",recorded_candidate,,False,True,False,False,"Main Table2 itself prints atrial fibrillation incidences 13.6% and 7.9% together with ARD6.5%, although direct subtraction yields5.7 points. Results supplement repeats agreeing incidences and therefore corroborates the internal main-table arithmetic rather than introducing a cross-file discrepancy.","A separate ARD point estimator may explain the discrepancy. Cross-source checker treats matching source displays as concordant; final recheck retains the internal point-estimator question, distinguishing bootstrapped CI from point estimation.",,2019/jama.2019.14231/.ai_paper_validation/final_report_1_5_1.md,217,"[""2019/jama.2019.14231/.ai_paper_validation/review_1_5_1/source_inventory.md"", ""2019/jama.2019.14231/.ai_paper_validation/review_1_5_1/verification/evidence_recheck.md"", ""2019/jama.2019.14231/.ai_paper_validation/review_1_5_1/checkers/cross_source_consistency.md""]"
2019::jama.2019.14231::C007,2019,jama.2019.14231,C007,Supplement tables use different nonsurgical medication denominators at baseline,"Denominator, proportion, or total inconsistency",S_W,"[""S_W""]",recorded_candidate,,False,True,False,False,eTable3 baseline nonsurgical medication N11435 differs from eTable10 year0 N11433; both tables are in the same results supplement.,Different medication availability/time-window subsets could account for two participants; the final recheck finds no explicit reconciliation rule.,,2019/jama.2019.14231/.ai_paper_validation/final_report_1_5_1.md,250,"[""2019/jama.2019.14231/.ai_paper_validation/review_1_5_1/source_inventory.md"", ""2019/jama.2019.14231/.ai_paper_validation/review_1_5_1/verification/evidence_recheck.md"", ""2019/jama.2019.14231/.ai_paper_validation/review_1_5_1/checkers/cross_source_consistency.md""]"
2019::jama.2019.14231::C008,2019,jama.2019.14231,C008,Medication comparison is labeled as two different named tests,"Measure, label, or scale inconsistency",S_C,"[""S_C"", ""S_W""]",recorded_candidate,,False,True,True,False,"Main Figure5 calls the matched year8 medication P values Fisher exact tests; main Methods and results-supplement eTable8 call them two-sample proportions tests. The card explicitly targets main/supplement test-label identity, with an internal main-text mismatch too.",Two-sample proportions test may be generic or year8 may use a specific method; exact test settings are unavailable.,,2019/jama.2019.14231/.ai_paper_validation/final_report_1_5_1.md,283,"[""2019/jama.2019.14231/.ai_paper_validation/review_1_5_1/source_inventory.md"", ""2019/jama.2019.14231/.ai_paper_validation/review_1_5_1/verification/evidence_recheck.md"", ""2019/jama.2019.14231/.ai_paper_validation/review_1_5_1/checkers/cross_source_consistency.md""]"
2019::jama.2019.14231::C009,2019,jama.2019.14231,C009,Time-varying-HR narrative cites eTable 4 while the displayed table is eTable 7,"Measure, label, or scale inconsistency",S_W,"[""S_W""]",recorded_candidate,,False,True,False,False,"A narrative in the results supplement cites eTable4 for time-varying HRs, while its adjacent/repeated table is eTable7 and actual eTable4 gives rates. All locations are within the same supplement.",,,2019/jama.2019.14231/.ai_paper_validation/final_report_1_5_1.md,316,"[""2019/jama.2019.14231/.ai_paper_validation/review_1_5_1/source_inventory.md"", ""2019/jama.2019.14231/.ai_paper_validation/review_1_5_1/checkers/cross_source_consistency.md""]"
2019::jama.2019.14231::C010,2019,jama.2019.14231,C010,Biguanide count and percentage do not reconcile in eTable 3,"Denominator, proportion, or total inconsistency",S_W,"[""S_W""]",recorded_candidate,,False,True,False,False,"Results-supplement eTable3 gives biguanides1530(67.9%) under surgeryN2287, but that fraction rounds66.9%; no cross-file comparator is required.",,,2019/jama.2019.14231/.ai_paper_validation/final_report_1_5_1.md,349,"[""2019/jama.2019.14231/.ai_paper_validation/review_1_5_1/source_inventory.md"", ""2019/jama.2019.14231/.ai_paper_validation/review_1_5_1/checkers/cross_source_consistency.md""]"
2019::jama.2019.14231::C011,2019,jama.2019.14231,C011,Standardized-difference footnote says absolute value while columns contain negative values,"Measure, label, or scale inconsistency",S_W,"[""S_W""]",recorded_candidate,,False,True,False,False,Main Table1 footnote defines absolute standardized differences but the main table prints negative values. This is an internal definition-versus-display contradiction.,,,2019/jama.2019.14231/.ai_paper_validation/final_report_1_5_1.md,382,"[""2019/jama.2019.14231/.ai_paper_validation/review_1_5_1/source_inventory.md"", ""2019/jama.2019.14231/.ai_paper_validation/review_1_5_1/checkers/cross_source_consistency.md""]"
2019::jama.2019.14630::C001,2019,jama.2019.14630,C001,"eTable 2 assigns the N=3,311 column a second intervention-group label","Measure, label, or scale inconsistency",S_W,"[""S_W""]",recorded_candidate,,False,True,False,False,Opening and continued pages of one results-supplement eTable2 label the same N3311 column intervention and control. Main Table2 only corroborates the continuation arm identity; the target is the internally inconsistent continued table.,,,2019/jama.2019.14630/.ai_paper_validation/final_report_1_5_1.md,64,"[""2019/jama.2019.14630/.ai_paper_validation/review_1_5_1/source_inventory.md"", ""2019/jama.2019.14630/.ai_paper_validation/review_1_5_1/verification/evidence_recheck.md""]"
2019::jama.2019.14630::C002,2019,jama.2019.14630,C002,eTable 2 red-wine median lies above its printed upper quartile,Numeric or arithmetic inconsistency,S_W,"[""S_W""]",recorded_candidate,,False,True,False,False,Results-supplement eTable2 intervention red-wine median33 exceeds its own upper quartile29 under the local median(IQR) footnote.,"Overlaps the intervention cell in C003, but C003 additionally compares both arms across tables; same underlying production cause is not established.",,2019/jama.2019.14630/.ai_paper_validation/final_report_1_5_1.md,99,"[""2019/jama.2019.14630/.ai_paper_validation/review_1_5_1/source_inventory.md"", ""2019/jama.2019.14630/.ai_paper_validation/review_1_5_1/verification/evidence_recheck.md"", ""2019/jama.2019.14630/.ai_paper_validation/review_1_5_1/candidate_ledger.md""]"
2019::jama.2019.14630::C003,2019,jama.2019.14630,C003,all-randomized red-wine baseline summaries differ between eTables 2 and 7,Cross-document numeric inconsistency,S_W,"[""S_W""]",recorded_candidate,,False,True,False,False,eTables2 and7 in the same results supplement show all-randomized red-wine baseline medians33/4 versus0/0 with identical displayed arm Ns and IQRs. Different tables in one PDF do not make this cross-document.,"An unstated analysis-specific baseline subset/handling path is possible. C002 tests ordering within one intervention cell, so these are related rather than exact duplicate candidates.",,2019/jama.2019.14630/.ai_paper_validation/final_report_1_5_1.md,134,"[""2019/jama.2019.14630/.ai_paper_validation/review_1_5_1/source_inventory.md"", ""2019/jama.2019.14630/.ai_paper_validation/review_1_5_1/verification/evidence_recheck.md"", ""2019/jama.2019.14630/.ai_paper_validation/review_1_5_1/candidate_ledger.md""]"
2019::jama.2019.14630::C004,2019,jama.2019.14630,C004,PDQS baseline mean differs between the principal and baseline-value-carried-forward tables,Cross-document numeric inconsistency,S_C,"[""S_C""]",recorded_candidate,,False,True,True,False,"Main Table2 baseline PDQS mean21.1 in each arm differs from results-supplement eTable6 mean21.0, under matched Ns and scale.",Sensitivity-analysis baseline subset or rounding/truncation could differ despite shared displayed N.,,2019/jama.2019.14630/.ai_paper_validation/final_report_1_5_1.md,169,"[""2019/jama.2019.14630/.ai_paper_validation/review_1_5_1/source_inventory.md"", ""2019/jama.2019.14630/.ai_paper_validation/review_1_5_1/verification/evidence_recheck.md""]"
2019::jama.2019.14630::C005,2019,jama.2019.14630,C005,intervention baseline energy SD differs between Table 3 and eTable 8,Cross-document numeric inconsistency,S_C,"[""S_C""]",recorded_candidate,,False,True,True,False,Main Table3 intervention baseline energySD555 differs from results-supplement eTable8 SD544 while means2355 and control summary agree.,The record states main imputation is follow-up only; an unreported baseline subset or separate extraction remains possible.,,2019/jama.2019.14630/.ai_paper_validation/final_report_1_5_1.md,204,"[""2019/jama.2019.14630/.ai_paper_validation/review_1_5_1/source_inventory.md""]"
2019::jama.2019.14630::C006,2019,jama.2019.14630,C006,baseline body-weight summaries differ between Table 1 and eTable 9,Cross-document numeric inconsistency,S_C,"[""S_C""]",recorded_candidate,,False,True,True,False,Main Table1 baseline weight86.7/86.4 differs from results-supplement eTable9 weight86.5/86.3 and interventionSD13.0/12.9 under shared displayed Ns.,Outcome-specific baseline records or processing may differ without being labelled.,,2019/jama.2019.14630/.ai_paper_validation/final_report_1_5_1.md,239,"[""2019/jama.2019.14630/.ai_paper_validation/review_1_5_1/source_inventory.md""]"
2019::jama.2019.14630::C007,2019,jama.2019.14630,C007,baseline BMI means differ between Table 1 and eTable 9,Cross-document numeric inconsistency,S_C,"[""S_C""]",recorded_candidate,,False,True,True,False,"Main Table1 baseline BMI32.5 differs from results-supplement eTable9 BMI32.6 in both arms, with matching SDs and displayed Ns.","BMI derivation, records, or rounding may differ. Related weight candidate C006 concerns another statistic, not an exact duplicate.",,2019/jama.2019.14630/.ai_paper_validation/final_report_1_5_1.md,274,"[""2019/jama.2019.14630/.ai_paper_validation/review_1_5_1/source_inventory.md""]"
2019::jama.2019.14630::C008,2019,jama.2019.14630,C008,Figure 4 threshold labels do not preserve the Methods boundary operators,"Measure, label, or scale inconsistency",S_W,"[""S_W""]",recorded_candidate,,False,True,False,False,Main Methods inclusive clinically meaningful thresholds differ from main Figure4 strict > labels and an omitted diastolic operator. All compared descriptions are in the article.,Compact figure typography or no exact-boundary observations could leave the implemented classification unchanged.,,2019/jama.2019.14630/.ai_paper_validation/final_report_1_5_1.md,309,"[""2019/jama.2019.14630/.ai_paper_validation/review_1_5_1/source_inventory.md""]"
2019::jama.2019.14630::C009,2019,jama.2019.14630,C009,eTable 4 total-olive-oil baseline row conflicts with the table’s median/IQR convention,"Measure, label, or scale inconsistency",S_W,"[""S_W""]",recorded_candidate,,False,True,False,False,"Results-supplement eTable4 labels350(175,350) mean(SD), whereas its own footnote and parallel tables in that same supplement define median(IQR).",,,2019/jama.2019.14630/.ai_paper_validation/final_report_1_5_1.md,344,"[""2019/jama.2019.14630/.ai_paper_validation/review_1_5_1/source_inventory.md""]"
2019::jama.2019.14901::C001,2019,jama.2019.14901,C001,Day-7 respiratory-failure absolute difference differs across matched article locations,Numeric or arithmetic inconsistency,S_W,"[""S_W""]",recorded_candidate,,False,True,False,False,The main abstract/Results show day7 respiratory-failure difference-8.7 while main Table2 and its counts give-8.5 for the same interval/P/result.,,,2019/jama.2019.14901/.ai_paper_validation/final_report_1_5_1.md,57,"[""2019/jama.2019.14901/.ai_paper_validation/review_1_5_1/source_inventory.md""]"
2019::jama.2019.14901::C002,2019,jama.2019.14901,C002,Reintubation respiratory-acidosis cutoff differs between article and protocol,"Measure, label, or scale inconsistency",P_R,"[""P_R""]",recorded_candidate,endpoint_definition_window_hierarchy,True,False,True,False,Article reintubation respiratory-acidosis pH<7.25 differs from protocol v4 pH<7.35 with the same PaCO2>45 condition and same severe-failure decision role.,The article separately distinguishes ordinary respiratory failure pH7.35 from severe/reintubation pH7.25; later approved refinement/amendment could explain the protocol difference.,,2019/jama.2019.14901/.ai_paper_validation/final_report_1_5_1.md,80,"[""2019/jama.2019.14901/.ai_paper_validation/review_1_5_1/source_inventory.md"", ""2019/jama.2019.14901/.ai_paper_validation/review_1_5_1/verification/evidence_recheck.md""]"
2019::jama.2019.14901::C003,2019,jama.2019.14901,C003,Hypercapnic ineffective-cough percentages conflict with printed fractions,"Denominator, proportion, or total inconsistency",S_W,"[""S_W""]",recorded_candidate,,False,True,False,False,Results-supplement ineffective-cough cells14/45(69%) and16/59(73%) disagree internally; main aggregate fractions reconcile with the supplement strata and only corroborate numerators.,Percentages match complementary effective-cough counts; intended coding is unknown.,,2019/jama.2019.14901/.ai_paper_validation/final_report_1_5_1.md,103,"[""2019/jama.2019.14901/.ai_paper_validation/review_1_5_1/source_inventory.md"", ""2019/jama.2019.14901/.ai_paper_validation/review_1_5_1/verification/evidence_recheck.md""]"
2019::jama.2019.14901::C004,2019,jama.2019.14901,C004,Hypercapnic abundant-secretion percentages conflict with printed fractions,"Denominator, proportion, or total inconsistency",S_W,"[""S_W""]",recorded_candidate,,False,True,False,False,Results-supplement abundant-secretion cells20/46(57%) and23/61(62%) disagree internally; main aggregate fractions reconcile and merely corroborate the numerators.,Percentages match absence-of-secretions complements; same mechanism as C003 but different outcome cells.,,2019/jama.2019.14901/.ai_paper_validation/final_report_1_5_1.md,126,"[""2019/jama.2019.14901/.ai_paper_validation/review_1_5_1/source_inventory.md"", ""2019/jama.2019.14901/.ai_paper_validation/review_1_5_1/verification/evidence_recheck.md""]"
2019::jama.2019.14901::C005,2019,jama.2019.14901,C005,Matched nonhypercapnic day-7 reintubation P values differ across article and supplement,Cross-document numeric inconsistency,S_C,"[""S_C""]",recorded_candidate,,False,True,True,False,"Main subgroup Results give nonhypercapnic day7 reintubation P.10 while the matched results-supplement eTable4 gives.1057, which ordinarily rounds.11.",Different test variants or truncation rules could explain the difference; both values exceed.05.,,2019/jama.2019.14901/.ai_paper_validation/final_report_1_5_1.md,149,"[""2019/jama.2019.14901/.ai_paper_validation/review_1_5_1/source_inventory.md""]"
2019::jama.2019.14901::C006,2019,jama.2019.14901,C006,Protocol total-duration breakdown does not arithmetically reach the printed total,Numeric or arithmetic inconsistency,P_P,"[""P_P""]",recorded_candidate,,True,False,False,False,"Protocol p32 says51 months but its two named components sum36+12=48, whereas protocol p11 includes39+12=51 with final3-month follow-up. Both inconsistent decompositions are within the protocol.","The extra3months may be implicit final-participant follow-up, so the issue may be incomplete wording.",,2019/jama.2019.14901/.ai_paper_validation/final_report_1_5_1.md,172,"[""2019/jama.2019.14901/.ai_paper_validation/review_1_5_1/source_inventory.md""]"
2019::jama.2019.17380::C001,2019,jama.2019.17380,C001,Figure 2 omega-3 eGFR contributor counts conflict with Table 2,Cross-document numeric inconsistency,S_W,"[""S_W""]",recorded_candidate,,False,True,False,False,"Main Figure2B omega3 eGFR contributor counts differ from main Table2 at all three times while totals match. Abstract/table/figure are sections of one article, despite original cross-document category.",,,2019/jama.2019.17380/.ai_paper_validation/final_report_1_5_2.md,46,"[""2019/jama.2019.17380/.ai_paper_validation/review_1_5_2/source_inventory.md""]"
2019::jama.2019.17380::C002,2019,jama.2019.17380,C002,Figure 2 omega-3 urine-ACR contributor counts conflict with eTable 6,Cross-document numeric inconsistency,S_C,"[""S_C""]",recorded_candidate,,False,True,True,False,Main Figure2D omega3 urine-ACR contributor counts differ from the results-supplement eTable6 arm counts at matched times; this is an actual article-versus-results-supplement comparison.,,,2019/jama.2019.17380/.ai_paper_validation/final_report_1_5_2.md,79,"[""2019/jama.2019.17380/.ai_paper_validation/review_1_5_2/source_inventory.md""]"
2019::jama.2019.17380::C003,2019,jama.2019.17380,C003,Figure 3 assigns vitamin-D arm sizes to the opposite column labels,"Measure, label, or scale inconsistency",S_W,"[""S_W""]",recorded_candidate,,False,True,False,False,Main Figure3 vitaminD N703/N609 sit under opposite headings relative to the factorial allocations and Table2 inside the same article; candidate is confined to counts.,,,2019/jama.2019.17380/.ai_paper_validation/final_report_1_5_2.md,112,"[""2019/jama.2019.17380/.ai_paper_validation/review_1_5_2/source_inventory.md""]"
2019::jama.2019.17380::C004,2019,jama.2019.17380,C004,Figure 4 assigns omega-3 arm sizes to the opposite column labels,"Measure, label, or scale inconsistency",S_W,"[""S_W""]",recorded_candidate,,False,True,False,False,Main Figure4 omega3 N659/N653 sit under opposite headings relative to main abstract factorial allocation and Table2; no cross-file source is required.,,,2019/jama.2019.17380/.ai_paper_validation/final_report_1_5_2.md,145,"[""2019/jama.2019.17380/.ai_paper_validation/review_1_5_2/source_inventory.md""]"
2019::jama.2019.17380::C005,2019,jama.2019.17380,C005,eFigure 2 places vitamin-D participant counts under the opposite headings,"Measure, label, or scale inconsistency",S_C,"[""S_C"", ""S_W""]",recorded_candidate,,False,True,True,False,Results-supplement eFigure2 N703/N609 are opposite to exact vitaminD randomized totals derived from main abstract allocation cells. eTable6 in the same supplement also establishes arm identity and matching change ratios; its measured baseline activeN702 cannot fit the figure active randomizedN609.,"Cross-file exact randomized totals plus within-supplement arm/count compatibility. Randomized703 versus measured702 is an availability difference, not an additional discrepancy; changes/forest estimates are not claimed reversed.",,2019/jama.2019.17380/.ai_paper_validation/final_report_1_5_2.md,178,"[""2019/jama.2019.17380/.ai_paper_validation/review_1_5_2/source_inventory.md"", ""2019/jama.2019.17380/.ai_paper_validation/review_1_5_2/verification/evidence_recheck.md""]"
2019::jama.2019.17380::C006,2019,jama.2019.17380,C006,eFigure 3 places omega-3 participant counts under the opposite headings,"Measure, label, or scale inconsistency",S_C,"[""S_C"", ""S_W""]",recorded_candidate,,False,True,True,False,"Results-supplement eFigure3 N659/N653 are opposite to exact omega3 randomized totals derived from main abstract allocation cells. Same-supplement eTable6 identifies active measuredN658 and matching change ratios, incompatible with figure active randomizedN653.","Cross-file randomized totals plus within-supplement arm/count compatibility. Randomized659 versus measured658 is expected availability context, not a separate discrepancy; effect estimates are not claimed reversed.",,2019/jama.2019.17380/.ai_paper_validation/final_report_1_5_2.md,211,"[""2019/jama.2019.17380/.ai_paper_validation/review_1_5_2/source_inventory.md"", ""2019/jama.2019.17380/.ai_paper_validation/review_1_5_2/verification/evidence_recheck.md""]"
2019::jama.2019.17380::C007,2019,jama.2019.17380,C007,Imputation count differs between the analytic-plan addendum and article methods,Cross-document numeric inconsistency,P_R,"[""P_R""]",recorded_candidate,analysis_specification,True,False,True,False,The analytic-plan addendum specifies10 imputation datasets but main implemented Methods reports M20; both use Rubin-rule combination for missing outcomes.,An intentional increase and broader analytic scope are possible; governing amendment and rationale are absent.,,2019/jama.2019.17380/.ai_paper_validation/final_report_1_5_2.md,244,"[""2019/jama.2019.17380/.ai_paper_validation/review_1_5_2/source_inventory.md"", ""2019/jama.2019.17380/.ai_paper_validation/review_1_5_2/verification/evidence_recheck.md""]"
2019::jama.2019.2210::C001,2019,jama.2019.2210,C001,"Table 1 SNP percentages use unlabelled, variable available-case denominators","Denominator, proportion, or total inconsistency",S_W,"[""S_W""]",recorded_candidate,,False,True,False,False,Main Table1 SNP category counts and percentages use variable available-case Ns smaller than its arm headers251/166. Results-supplement risk counts agree with genotype totals and corroborate internal denominator omission.,Assay availability can legitimately create varying denominators; missingness labelling is the issue.,,2019/jama.2019.2210/.ai_paper_validation/final_report_1_5_1.md,39,"[""2019/jama.2019.2210/.ai_paper_validation/review_1_5_1/source_inventory.md""]"
2019::jama.2019.2210::C002,2019,jama.2019.2210,C002,Figure 3 caption says panel-C risk numbers are absent although the panel prints them,Numeric or arithmetic inconsistency,S_W,"[""S_W""]",recorded_candidate,,False,True,False,False,Main Figure3C visibly has14 at-risk entries while its own caption says panelC risk numbers are not given.,"Caption could refer to weighted/effective counts while plotted entries are raw, but this distinction is unstated.",,2019/jama.2019.2210/.ai_paper_validation/final_report_1_5_1.md,74,"[""2019/jama.2019.2210/.ai_paper_validation/review_1_5_1/source_inventory.md""]"
2019::jama.2019.2210::C003,2019,jama.2019.2210,C003,Final protocol gives different accrual stopping thresholds,"Denominator, proportion, or total inconsistency",P_P,"[""P_P""]",recorded_candidate,,True,False,False,False,Two passages in the final protocol say stop after400 enrollment versus when enrollment>400; this compares threshold definitions inside one planning document.,Near400 target or completed-block operational shorthand is possible.,,2019/jama.2019.2210/.ai_paper_validation/final_report_1_5_1.md,109,"[""2019/jama.2019.2210/.ai_paper_validation/review_1_5_1/source_inventory.md""]"
2019::jama.2019.2210::C004,2019,jama.2019.2210,C004,Final protocol assigns de novo cancer incompatible endpoint labels,"Measure, label, or scale inconsistency",P_R,"[""P_R"", ""P_P""]",recorded_candidate,endpoint_definition_window_hierarchy,True,False,True,False,"The protocol synopsis calls de novo cancer not an outcome, while its body/change summary calls it tertiary and says it was separated from safety outcomes; the article reports it under Safety Outcomes. This genuinely combines internal-plan hierarchy mismatch and report-versus-plan classification.","The ledger merges an internal numeric lead and cross-source lead for the same event. Dual clinical safety and statistical tertiary roles may coexist, but the change summary explicitly says separated from safety outcomes.",,2019/jama.2019.2210/.ai_paper_validation/final_report_1_5_1.md,144,"[""2019/jama.2019.2210/.ai_paper_validation/review_1_5_1/source_inventory.md"", ""2019/jama.2019.2210/.ai_paper_validation/review_1_5_1/verification/evidence_recheck.md"", ""2019/jama.2019.2210/.ai_paper_validation/review_1_5_1/candidate_ledger.md""]"
2019::jama.2019.2210::C005,2019,jama.2019.2210,C005,One final-protocol high-25(OH)D stratum label omits the boundary operator,"Measure, label, or scale inconsistency",P_P,"[""P_P""]",recorded_candidate,,True,False,False,False,"One final-protocol high25(OH)D label omits its operator at40 while a later section of the same protocol specifies>40. The main article repeats>40 as corroboration, not as a separate plan-report deviation.",40ng/mL may be shorthand for the threshold; actual subgroup assignment is unavailable.,,2019/jama.2019.2210/.ai_paper_validation/final_report_1_5_1.md,179,"[""2019/jama.2019.2210/.ai_paper_validation/review_1_5_1/source_inventory.md"", ""2019/jama.2019.2210/.ai_paper_validation/review_1_5_1/verification/evidence_recheck.md""]"
2019::jama.2019.2210::C006,2019,jama.2019.2210,C006,Supplement labels Cdx2 genotype panels as CDK2,"Measure, label, or scale inconsistency",S_C,"[""S_C""]",recorded_candidate,,False,True,True,False,Main Table1 Cdx2 genotype label and all six arm/genotype counts match results-supplement panels titled CDK2. The protocol CDX2 rs11568820 entry corroborates subgroup identity; the substantive target is the main/results-supplement locus label mismatch.,,,2019/jama.2019.2210/.ai_paper_validation/final_report_1_5_1.md,214,"[""2019/jama.2019.2210/.ai_paper_validation/review_1_5_1/source_inventory.md"", ""2019/jama.2019.2210/.ai_paper_validation/review_1_5_1/verification/evidence_recheck.md""]"
2019::jama.2019.2210::C007,2019,jama.2019.2210,C007,"Table 1 BMI categories use smaller, unlabelled denominators than the arm headers","Denominator, proportion, or total inconsistency",S_W,"[""S_W""]",recorded_candidate,,False,True,False,False,"Main Table1 BMI quartiles total249/165, below its251/166 arm headers, and percentages use the smaller totals. Results supplement reproduces249/165 and corroborates the internal missing denominator statement.",BMI availability may explain the2/1 deficits; it is not a disagreement between the main and supplemental totals.,,2019/jama.2019.2210/.ai_paper_validation/final_report_1_5_1.md,249,"[""2019/jama.2019.2210/.ai_paper_validation/review_1_5_1/source_inventory.md""]"
2019::jama.2019.2210::C008,2019,jama.2019.2210,C008,Report and protocol use different time-origin labels despite a same-visit equivalence statement,"Measure, label, or scale inconsistency",P_R,"[""P_R""]",recorded_candidate,endpoint_definition_window_hierarchy,True,False,True,True,"Article/results-supplement survival axes say randomization while protocol says supplementation start. Retained as the recorded report-versus-plan time-origin wording candidate, although the article explicitly equates these dates at the same visit.","Wording-only/equivalent: source directly states operational equivalence, so no actual time-origin discrepancy is established. Sensitivity excluding this candidate leaves7 report-versus-plan candidates out of70 total.",,2019/jama.2019.2210/.ai_paper_validation/final_report_1_5_1.md,284,"[""2019/jama.2019.2210/.ai_paper_validation/review_1_5_1/source_inventory.md"", ""2019/jama.2019.2210/.ai_paper_validation/review_1_5_1/verification/evidence_recheck.md"", ""2019/jama.2019.2210/.ai_paper_validation/review_1_5_1/candidate_ledger.md""]"
2019::jama.2019.2210::C009,2019,jama.2019.2210,C009,Table 2 hazard-ratio direction footnote is opposite the displayed outcome direction,"Measure, label, or scale inconsistency",S_W,"[""S_W""]",recorded_candidate,,False,True,False,False,"Main Table2 footnote says HR>1 means reduced outcome with vitaminD, while main counts/curves and HRs below1 reflect lower vitaminD events. All compared direction descriptions are inside the article.",Exact event-time models are not reconstructed; no table-specific reversed contrast is stated.,,2019/jama.2019.2210/.ai_paper_validation/final_report_1_5_1.md,319,"[""2019/jama.2019.2210/.ai_paper_validation/review_1_5_1/source_inventory.md""]"
2019::jama.2019.4755::C001,2019,jama.2019.4755,C001,Women’s quantitative 10.2 µg Hb/g PPV difference point estimate is absent,Numeric or arithmetic inconsistency,S_W,"[""S_W""]",recorded_candidate,,False,True,False,False,Results-supplement eTable5 women quantitative10.2 PPV-difference cell visibly lacks numeric magnitude despite arm PPVs and a CI; matched eTable4 diagnostic counts are in the same supplement.,Detached PDF numeric text may indicate clipping/displacement; a hyphen convention is not defined. Each candidate concerns a distinct test/cutoff row.,,2019/jama.2019.4755/.ai_paper_validation/final_report_1_5_1.md,52,"[""2019/jama.2019.4755/.ai_paper_validation/review_1_5_1/source_inventory.md""]"
2019::jama.2019.4755::C002,2019,jama.2019.4755,C002,Women’s quantitative 17.0 µg Hb/g PPV difference point estimate is absent,Numeric or arithmetic inconsistency,S_W,"[""S_W""]",recorded_candidate,,False,True,False,False,Results-supplement eTable5 women quantitative17.0 PPV-difference cell visibly lacks numeric magnitude despite arm PPVs and a CI; matched eTable4 diagnostic counts are in the same supplement.,Detached PDF numeric text may indicate clipping/displacement; a hyphen convention is not defined. Each candidate concerns a distinct test/cutoff row.,,2019/jama.2019.4755/.ai_paper_validation/final_report_1_5_1.md,85,"[""2019/jama.2019.4755/.ai_paper_validation/review_1_5_1/source_inventory.md""]"
2019::jama.2019.4755::C003,2019,jama.2019.4755,C003,Women’s qualitative 10.2 µg Hb/g PPV difference point estimate is absent,Numeric or arithmetic inconsistency,S_W,"[""S_W""]",recorded_candidate,,False,True,False,False,Results-supplement eTable5 women qualitative10.2 PPV-difference cell visibly lacks numeric magnitude despite arm PPVs and a CI; matched eTable4 diagnostic counts are in the same supplement.,Detached PDF numeric text may indicate clipping/displacement; a hyphen convention is not defined. Each candidate concerns a distinct test/cutoff row.,,2019/jama.2019.4755/.ai_paper_validation/final_report_1_5_1.md,118,"[""2019/jama.2019.4755/.ai_paper_validation/review_1_5_1/source_inventory.md""]"
2019::jama.2019.4755::C004,2019,jama.2019.4755,C004,eTable 5 visible cutoff header truncates after [µg,"Measure, label, or scale inconsistency",S_W,"[""S_W""]",recorded_candidate,,False,True,False,False,Results-supplement eTable5 cutoff header truncates at[µg while adjacent eTable4 in the same file prints fullµgHb/g. Main tables corroborate the unit; the target is an incomplete internal supplemental header.,A detached Hb/g] text object supports possible clipping; no unit-inheritance rule is printed.,,2019/jama.2019.4755/.ai_paper_validation/final_report_1_5_1.md,151,"[""2019/jama.2019.4755/.ai_paper_validation/review_1_5_1/source_inventory.md"", ""2019/jama.2019.4755/.ai_paper_validation/review_1_5_1/verification/evidence_recheck.md""]"
2019::jama.2019.4755::C005,2019,jama.2019.4755,C005,One SAP occurrence omits the microgram prefix from the 10.2 cutoff,"Measure, label, or scale inconsistency",P_P,"[""P_P""]",recorded_candidate,,True,False,False,False,"SAP section3.2 omitsµg locally from10.2Hb/g while section5.4 in the same SAP prints10.2µgHb/g. The main article supplies matched context only, so this is an internal-plan unit wording issue.",The firstµg in the coordinated sentence may grammatically apply to both thresholds; no inheritance convention is supplied.,,2019/jama.2019.4755/.ai_paper_validation/final_report_1_5_1.md,184,"[""2019/jama.2019.4755/.ai_paper_validation/review_1_5_1/source_inventory.md"", ""2019/jama.2019.4755/.ai_paper_validation/review_1_5_1/verification/evidence_recheck.md""]"
2019::jama.2019.7505::C001,2019,jama.2019.7505,C001,Hypoxemia confidence-interval endpoint sign differs between abstract and Table 3,Cross-document numeric inconsistency,S_W,"[""S_W""]",recorded_candidate,,False,True,False,False,"Main abstract hypoxemia risk-difference CI upper endpoint+6.1 conflicts with main Table3 -6.1 for the same counts, estimate and P. Both locations are in one article, despite original cross-document category.",,,2019/jama.2019.7505/.ai_paper_validation/final_report_1_5_2.md,40,"[""2019/jama.2019.7505/.ai_paper_validation/review_1_5_2/source_inventory.md""]"
2019::jama.2019.7505::C002,2019,jama.2019.7505,C002,DIC row finite risk ratio and narrow interval do not reconcile with zero comparator events,Statistical reporting inconsistency,S_W,"[""S_W""]",recorded_candidate,,False,True,False,False,Main Table3 DIC row shows1 versus0 events alongside finite RR2.00 and narrow CI1.91–2.09/P>.99; main methods lack the zero-cell rule needed to reconcile that display.,"An unstated zero-cell estimator, alternate method, or cell alignment may partly explain it; no replacement RR is asserted.",,2019/jama.2019.7505/.ai_paper_validation/final_report_1_5_2.md,75,"[""2019/jama.2019.7505/.ai_paper_validation/review_1_5_2/source_inventory.md""]"
2019::jama.2019.7505::C003,2019,jama.2019.7505,C003,Protocol analysis sentence combines odds-ratio and relative-risk labels,"Measure, label, or scale inconsistency",P_P,"[""P_P""]",recorded_candidate,,True,False,False,False,"Protocol planned-analysis sentence combines odds ratio and relative risks without separation; final SAP separately specifies primary RR and exploratory OR. Both the indeterminate sentence and comparator are prospective planning documents, not reported results.",Later SAP may legitimately supersede preliminary wording; the unresolved compound phrase is a planning-text issue.,,2019/jama.2019.7505/.ai_paper_validation/final_report_1_5_2.md,110,"[""2019/jama.2019.7505/.ai_paper_validation/review_1_5_2/source_inventory.md"", ""2019/jama.2019.7505/.ai_paper_validation/review_1_5_2/verification/evidence_recheck.md""]"
2019::jama.2019.7505::C004,2019,jama.2019.7505,C004,eFigure 11 mortality values are described as extra-pulmonary complications,"Measure, label, or scale inconsistency",S_W,"[""S_W""]",recorded_candidate,,False,True,False,False,Results-supplement eFigure11 narrative calls its own mortality values extra-pulmonary complications despite mortality title/axis/effect label; neighboring eFigure10 provides a distinct complication rate. Main Table3 agrees with mortality and merely corroborates the internal caption defect.,,,2019/jama.2019.7505/.ai_paper_validation/final_report_1_5_2.md,145,"[""2019/jama.2019.7505/.ai_paper_validation/review_1_5_2/source_inventory.md"", ""2019/jama.2019.7505/.ai_paper_validation/review_1_5_2/verification/evidence_recheck.md""]"
2024::jama.2024.0318::C001,2024,jama.2024.0318,C001,Figure 1 allocation branches exceed the displayed available cohort by 10 participants,"Denominator, proportion, or total inconsistency",S_W,"[""S_W""]",recorded_candidate,,False,True,False,False,The 305 parent and 193+122=315 child allocation boxes disagree inside main Figure 1.,Population identity of the branch counts is conditional; no plan comparator.,,2024/jama.2024.0318/.ai_paper_validation/final_report_1_5_3.md,53,"[""2024/jama.2024.0318/.ai_paper_validation/review_1_5_3/source_inventory.md""]"
2024::jama.2024.0318::C002,2024,jama.2024.0318,C002,Supplement eTable 2 mixes year-12 headings with year-7 quantitative footnote definitions,"Measure, label, or scale inconsistency",S_W,"[""S_W""]",recorded_candidate,,False,True,False,False,Year-12 headings and year-7 footnote definitions conflict within results-supplement eTable 2. The main article pointer corroborates the heading rather than supplying an additional targeted discrepancy.,The table may intentionally mix visits without adequate labels; classified by its internal heading/footnote relationship.,,2024/jama.2024.0318/.ai_paper_validation/final_report_1_5_3.md,86,"[""2024/jama.2024.0318/.ai_paper_validation/review_1_5_3/source_inventory.md"", ""2024/jama.2024.0318/.ai_paper_validation/review_1_5_3/verification/evidence_recheck.md""]"
2024::jama.2024.0318::C003,2024,jama.2024.0318,C003,Matched 12-year HbA1c result has incompatible printed P values,Cross-document numeric inconsistency,S_C,"[""S_C""]",recorded_candidate,,False,True,True,False,Main abstract/Results give P=.002 but matched results-supplement eTable 2 gives P<.001 for the same displayed HbA1c estimate and interval.,Timepoint ambiguity in C002 leaves exact analysis identity conditional; this is a separate P-value comparison.,,2024/jama.2024.0318/.ai_paper_validation/final_report_1_5_3.md,119,"[""2024/jama.2024.0318/.ai_paper_validation/review_1_5_3/source_inventory.md""]"
2024::jama.2024.0318::C004,2024,jama.2024.0318,C004,The same year-7 glycemic outcome is labeled as both HbA1c less than or equal to 6.5% and HbA1c below 6.5%,"Measure, label, or scale inconsistency",S_W,"[""S_W""]",recorded_candidate,,False,True,False,False,"Main narrative says HbA1c<=6.5%, whereas its cited Table 2 says <6.5%. Supplementary GEE methods do not state the operator and are context only.",,,2024/jama.2024.0318/.ai_paper_validation/final_report_1_5_3.md,152,"[""2024/jama.2024.0318/.ai_paper_validation/review_1_5_3/source_inventory.md"", ""2024/jama.2024.0318/.ai_paper_validation/review_1_5_3/verification/evidence_recheck.md""]"
2024::jama.2024.0318::C005,2024,jama.2024.0318,C005,Abstract percentage for four deaths does not reconcile with displayed group counts and denominators,"Denominator, proportion, or total inconsistency",S_W,"[""S_W""]",recorded_candidate,,False,True,False,False,"Main abstract gives four deaths as2.2%, whereas its own enrolled denominators and Table3 imply4/262=1.5%.",An unreported abstract risk set remains possible.,,2024/jama.2024.0318/.ai_paper_validation/final_report_1_5_3.md,185,"[""2024/jama.2024.0318/.ai_paper_validation/review_1_5_3/source_inventory.md""]"
2024::jama.2024.0318::C006,2024,jama.2024.0318,C006,The same exploratory BMI subgroup boundary is labeled as both 35 or greater and greater than 35,"Measure, label, or scale inconsistency",S_C,"[""S_C""]",recorded_candidate,,False,True,True,False,"Main reports BMI>=35 for its higher subgroup, but the linked non-plan eFigure6 repeatedly prints BMI>35.",Actual membership impact depends on boundary values and coding.,,2024/jama.2024.0318/.ai_paper_validation/final_report_1_5_3.md,218,"[""2024/jama.2024.0318/.ai_paper_validation/review_1_5_3/source_inventory.md""]"
2024::jama.2024.0572::C001,2024,jama.2024.0572,C001,ITT Figure 2 mRS distributions conflict with ITT eTable 2 threshold counts,Cross-document numeric inconsistency,S_C,"[""S_C""]",recorded_candidate,,False,True,True,False,Main Figure2 ITT mRS distributions reconstruct different threshold counts from results-supplement eTable2 despite matched168-per-arm labels.,Requires ordinary nearest-whole rounding and identical outcome derivation.,,2024/jama.2024.0572/.ai_paper_validation/final_report_1_5_3.md,47,"[""2024/jama.2024.0572/.ai_paper_validation/review_1_5_3/source_inventory.md"", ""2024/jama.2024.0572/.ai_paper_validation/review_1_5_3/verification/evidence_recheck.md""]"
2024::jama.2024.0572::C002,2024,jama.2024.0572,C002,aRR is labeled as an absolute risk reduction but displayed and interpreted as a ratio,"Measure, label, or scale inconsistency",S_W,"[""S_W""]",recorded_candidate,,False,True,False,False,"Main narrative and tables expand aRR as absolute risk reduction while their own interpretation explicitly says rate ratio and uses null1, alongside separate additive aRD. SAP relative-risk methods and supplementary aRR/aRD rows corroborate this internal scale mismatch.","SAP citation is supporting model context, not a demonstrated report-versus-plan analytical discrepancy.",,2024/jama.2024.0572/.ai_paper_validation/final_report_1_5_3.md,80,"[""2024/jama.2024.0572/.ai_paper_validation/review_1_5_3/source_inventory.md"", ""2024/jama.2024.0572/.ai_paper_validation/review_1_5_3/verification/evidence_recheck.md""]"
2024::jama.2024.11057::C001,2024,jama.2024.11057,C001,Quit-date pre-message duration conflicts between the main article and both support documents,Cross-document numeric inconsistency,P_R,"[""P_R"", ""S_C""]",recorded_candidate,intervention_delivery,True,True,True,False,"Main describes6 pre-quit message weeks, whereas both the study protocol and distinct results supplement describe1 week for the same intervention/subgroup.",Mixed report-plan and main-results-supplement relationships; protocol context dated2021 and article2024 permit an unproven program-version change.,,2024/jama.2024.11057/.ai_paper_validation/final_report_1_5_3.md,63,"[""2024/jama.2024.11057/.ai_paper_validation/review_1_5_3/source_inventory.md"", ""2024/jama.2024.11057/.ai_paper_validation/review_1_5_3/verification/evidence_recheck.md""]"
2024::jama.2024.11057::C002,2024,jama.2024.11057,C002,eTable 4 labels motivation and confidence as median (IQR) but prints single parenthetical dispersion values,"Measure, label, or scale inconsistency",S_W,"[""S_W""]",recorded_candidate,,False,True,False,False,Results-supplement eTable4 labels cells median(IQR) but gives single dispersion values unlike its own endpoint-pair convention. Main Table1 supports the format convention but concerns different groupings.,"Scalar IQR widths remain possible; main comparator is corroborative, not a matched-result numerical disagreement.",,2024/jama.2024.11057/.ai_paper_validation/final_report_1_5_3.md,96,"[""2024/jama.2024.11057/.ai_paper_validation/review_1_5_3/source_inventory.md"", ""2024/jama.2024.11057/.ai_paper_validation/review_1_5_3/verification/evidence_recheck.md""]"
2024::jama.2024.11057::C003,2024,jama.2024.11057,C003,eAppendix C prints IPWR once for a result otherwise defined and labelled as IPRW,"Measure, label, or scale inconsistency",S_W,"[""S_W""]",recorded_candidate,,False,True,False,False,"Within the results supplement, the defined IPRW method and matching eTable5 result are called IPWR once in eAppendixC. Main methods corroborate the standard abbreviation.",The substantive mismatch is the undefined transposition against the same supplement's definition and repeated result.,,2024/jama.2024.11057/.ai_paper_validation/final_report_1_5_3.md,129,"[""2024/jama.2024.11057/.ai_paper_validation/review_1_5_3/source_inventory.md"", ""2024/jama.2024.11057/.ai_paper_validation/review_1_5_3/verification/evidence_recheck_C003.md""]"
2024::jama.2024.12829::C001,2024,jama.2024.12829,C001,Balloon-angioplasty female percentage does not reconcile with count and denominator,"Denominator, proportion, or total inconsistency",S_W,"[""S_W""]",recorded_candidate,,False,True,False,False,Main Table1 gives77 females of249 as30.1% instead of the count-derived30.9%.,,,2024/jama.2024.12829/.ai_paper_validation/final_report_1_5_3.md,54,"[""2024/jama.2024.12829/.ai_paper_validation/review_1_5_3/source_inventory.md""]"
2024::jama.2024.12829::C002,2024,jama.2024.12829,C002,Balloon-angioplasty ischemic-stroke percentage is outside ordinary one-decimal rounding,"Denominator, proportion, or total inconsistency",S_W,"[""S_W""]",recorded_candidate,,False,True,False,False,Main Table1 and results-supplement TableS1 identically repeat215/249 as86.4%; their agreement is not a cross-file inconsistency. Each is an internal rounding candidate.,86.3% follows ordinary nearest rounding; an unspecified display convention may explain the difference.,,2024/jama.2024.12829/.ai_paper_validation/final_report_1_5_3.md,87,"[""2024/jama.2024.12829/.ai_paper_validation/review_1_5_3/source_inventory.md""]"
2024::jama.2024.12829::C003,2024,jama.2024.12829,C003,Table S4 procedure rows use 241 while the column header states 249,"Denominator, proportion, or total inconsistency",S_W,"[""S_W""]",recorded_candidate,,False,True,False,False,"Results-supplement TableS4 header249 differs from footnoted procedure-applicable241, which reproduces the percentages.",The explicit241 footnote may fully resolve the header context; retained candidate is not established bad arithmetic.,,2024/jama.2024.12829/.ai_paper_validation/final_report_1_5_3.md,120,"[""2024/jama.2024.12829/.ai_paper_validation/review_1_5_3/source_inventory.md""]"
2024::jama.2024.12829::C004,2024,jama.2024.12829,C004,Table S6 BA 9 (3.9) conflicts with its displayed denominator 249,"Denominator, proportion, or total inconsistency",S_W,"[""S_W""]",recorded_candidate,,False,True,False,False,Results-supplement TableS6 gives9(3.9) under249;9/249 rounds3.6%. This percentage/header issue is separate from C016's9-versus11 event-count comparison.,Unlabelled PPS denominator233 could explain3.9%; it is diagnostic only.,,2024/jama.2024.12829/.ai_paper_validation/final_report_1_5_3.md,153,"[""2024/jama.2024.12829/.ai_paper_validation/review_1_5_3/source_inventory.md""]"
2024::jama.2024.12829::C005,2024,jama.2024.12829,C005,Table S7 group headers conflict with site totals and displayed site percentages,"Denominator, proportion, or total inconsistency",S_W,"[""S_W""]",recorded_candidate,,False,True,False,False,"Within results-supplement TableS7, headers233/238 total471 while site totals sum501 and cell percentages imply other denominators. Main Figure1 provides contextual population totals.",Main flow context is corroborative; no specific contradictory main result is the target.,,2024/jama.2024.12829/.ai_paper_validation/final_report_1_5_3.md,186,"[""2024/jama.2024.12829/.ai_paper_validation/review_1_5_3/source_inventory.md""]"
2024::jama.2024.12829::C006,2024,jama.2024.12829,C006,Table S8 per-protocol percentages conflict with headers 249/252,"Denominator, proportion, or total inconsistency",S_W,"[""S_W""]",recorded_candidate,,False,True,False,False,Results-supplement TableS8 is labelled PPS but headers249/252 conflict with its percentages and same-supplement TableS10 PPS totals233/238. Main Figure1 corroborates those PPS totals.,"Per-protocol denotes an analysis set, not a protocol document; main population totals corroborate the internal supplement mismatch.",,2024/jama.2024.12829/.ai_paper_validation/final_report_1_5_3.md,219,"[""2024/jama.2024.12829/.ai_paper_validation/review_1_5_3/source_inventory.md"", ""2024/jama.2024.12829/.ai_paper_validation/review_1_5_3/verification/evidence_recheck.md""]"
2024::jama.2024.12829::C007,2024,jama.2024.12829,C007,Table S9 as-treated percentages conflict with headers 249/252,"Denominator, proportion, or total inconsistency",S_W,"[""S_W""]",recorded_candidate,,False,True,False,False,ATS TableS9 headers249/252 conflict with percentages reproduced by same-supplement TableS10 ATS totals247/254.,"Separate from C014's cell percentage, which fails even under the ATS denominator.",,2024/jama.2024.12829/.ai_paper_validation/final_report_1_5_3.md,252,"[""2024/jama.2024.12829/.ai_paper_validation/review_1_5_3/source_inventory.md""]"
2024::jama.2024.12829::C008,2024,jama.2024.12829,C008,Baseline stenosis categories include values outside the stated 70%-99% eligibility range,Analysis-unit or population inconsistency,S_W,"[""S_W""]",recorded_candidate,,False,True,False,False,Main eligibility text specifies70%-99% stenosis while its Table1 includes four participants in60%-69% or100% categories.,Measurement time/reader identity is unresolved; mention of possible protocol deviations does not make this a protocol-document comparison.,,2024/jama.2024.12829/.ai_paper_validation/final_report_1_5_3.md,285,"[""2024/jama.2024.12829/.ai_paper_validation/review_1_5_3/source_inventory.md""]"
2024::jama.2024.12829::C009,2024,jama.2024.12829,C009,Thirty-day follow-up tolerance is plus or minus 3 days in the supplement but plus or minus 7 days elsewhere,"Measure, label, or scale inconsistency",P_R,"[""P_R"", ""S_C""]",recorded_candidate,endpoint_definition_window_hierarchy,True,True,True,False,"Non-plan study-design graphic says30±3days, whereas main schedule and supplied protocol schedule say30±7days for the matched visit.",Mixed results-supplement versus plan and main-versus-supplement discrepancy; a tighter operational contact window is possible but undefined.,,2024/jama.2024.12829/.ai_paper_validation/final_report_1_5_3.md,318,"[""2024/jama.2024.12829/.ai_paper_validation/review_1_5_3/source_inventory.md"", ""2024/jama.2024.12829/.ai_paper_validation/review_1_5_3/verification/evidence_recheck.md""]"
2024::jama.2024.12829::C010,2024,jama.2024.12829,C010,Protocol V2.0 gives 21-day and 14-day lower bounds for the same stroke criterion,"Measure, label, or scale inconsistency",P_P,"[""P_P""]",recorded_candidate,,True,False,False,False,"Within ProtocolV2.0, synopsis says ischemic stroke21-90days and body criterion says14-90days.","Same-version discrepancy; possible stale synopsis or unmarked amendment, not report-versus-plan.",,2024/jama.2024.12829/.ai_paper_validation/final_report_1_5_3.md,351,"[""2024/jama.2024.12829/.ai_paper_validation/review_1_5_3/source_inventory.md"", ""2024/jama.2024.12829/.ai_paper_validation/review_1_5_3/verification/evidence_recheck.md""]"
2024::jama.2024.12829::C011,2024,jama.2024.12829,C011,BA 3-month aspirin percentage does not reconcile with count and displayed arm denominator,"Denominator, proportion, or total inconsistency",S_W,"[""S_W""]",recorded_candidate,,False,True,False,False,Results-supplement TableS3 gives234/249 as93.9% while ordinary nearest rounding gives94.0%.,Truncation could explain the display; evaluated denominator is not supplied.,,2024/jama.2024.12829/.ai_paper_validation/final_report_1_5_3.md,384,"[""2024/jama.2024.12829/.ai_paper_validation/review_1_5_3/source_inventory.md""]"
2024::jama.2024.12829::C012,2024,jama.2024.12829,C012,Figure S1 repeats “2nd meeting” for three chronologically distinct meetings,"Measure, label, or scale inconsistency",S_W,"[""S_W""]",recorded_candidate,,False,True,False,False,Non-plan FigureS1 repeats2nd meeting for three distinct dates within its own chronology.,A repeated review-cycle convention is possible but unstated.,,2024/jama.2024.12829/.ai_paper_validation/final_report_1_5_3.md,417,"[""2024/jama.2024.12829/.ai_paper_validation/review_1_5_3/source_inventory.md""]"
2024::jama.2024.12829::C013,2024,jama.2024.12829,C013,Recurring-visit sentence ambiguously repeats visit numbers 9 and 11,"Measure, label, or scale inconsistency",P_P,"[""P_P""]",recorded_candidate,,True,False,False,False,"The same protocol bundle repeats visit9 and11 in a six-token sentence in bothV2.0 andV2.3, against its four-visit8-11 schedule.",The sentence may specify face-to-face subset9/11 rather than six successive visits; two versioned repetitions remain one retained candidate.,,2024/jama.2024.12829/.ai_paper_validation/final_report_1_5_3.md,450,"[""2024/jama.2024.12829/.ai_paper_validation/review_1_5_3/source_inventory.md"", ""2024/jama.2024.12829/.ai_paper_validation/review_1_5_3/verification/evidence_recheck.md""]"
2024::jama.2024.12829::C014,2024,jama.2024.12829,C014,Table S9 BA 8 (3.3) does not round from either supplied ATS or displayed denominator,Numeric or arithmetic inconsistency,S_W,"[""S_W""]",recorded_candidate,,False,True,False,False,"Results-supplement TableS9 gives8(3.3), but both displayed249 and same-supplement ATS247 denominators produce3.2%.",Distinct from C007: changing the ATS header alone does not resolve this cell.,,2024/jama.2024.12829/.ai_paper_validation/final_report_1_5_3.md,483,"[""2024/jama.2024.12829/.ai_paper_validation/review_1_5_3/source_inventory.md""]"
2024::jama.2024.12829::C015,2024,jama.2024.12829,C015,Narrative assigns all 11 pre-analysis exclusions to consent withdrawal while Figure 1 assigns only 10,Cross-document numeric inconsistency,S_W,"[""S_W""]",recorded_candidate,,False,True,False,False,Main narrative attributes all11 exclusions to consent withdrawal; its Figure1 assigns10 to withdrawal and1 to erroneous randomization.,Original cross-document category actually describes two locations in one article; dual reason coding remains possible.,,2024/jama.2024.12829/.ai_paper_validation/final_report_1_5_3.md,516,"[""2024/jama.2024.12829/.ai_paper_validation/review_1_5_3/source_inventory.md""]"
2024::jama.2024.12829::C016,2024,jama.2024.12829,C016,Table S6 BA event count 9 conflicts with the matched primary-analysis count 11,Cross-document numeric inconsistency,S_C,"[""S_C""]",recorded_candidate,,False,True,True,False,"Main primary endpoint narrative/Table2 giveBA11 events, whereas matched non-plan TableS6 prints9 under the same249 header and endpoint wording.",Different from C004's arithmetic defect; unknown endpoint/population mapping could explain the count difference.,,2024/jama.2024.12829/.ai_paper_validation/final_report_1_5_3.md,549,"[""2024/jama.2024.12829/.ai_paper_validation/review_1_5_3/source_inventory.md""]"
2024::jama.2024.12829::C017,2024,jama.2024.12829,C017,One-year incidence-difference point estimate lies outside its confidence interval,Statistical reporting inconsistency,S_W,"[""S_W""]",recorded_candidate,,False,True,False,False,"Main Table2 incidence difference-0.4 lies outside its printed95%CI[-2.4,-1.7].",The interval construction or a mismatched estimand is not supplied.,,2024/jama.2024.12829/.ai_paper_validation/final_report_1_5_3.md,582,"[""2024/jama.2024.12829/.ai_paper_validation/review_1_5_3/source_inventory.md""]"
2024::jama.2024.19585::C001,2024,jama.2024.19585,C001,Usual-care exclusion hierarchy requires source-layout confirmation,Numeric or arithmetic inconsistency,S_W,"[""S_W""]",not_reproduced,,False,True,False,False,"The retained candidate concerns nested counts within main Figure1; recheck explicitly finds7+4+2=13 and top-level sum58, reconciling the displayed total.",NOT REPRODUCED: prior71-versus58 sum double-counted the13 parent; stable ID retained only for production-layout confirmation.,,2024/jama.2024.19585/.ai_paper_validation/final_report_1_5_3.md,45,"[""2024/jama.2024.19585/.ai_paper_validation/review_1_5_3/source_inventory.md"", ""2024/jama.2024.19585/.ai_paper_validation/review_1_5_3/verification/evidence_recheck.md""]"
2024::jama.2024.19585::C002,2024,jama.2024.19585,C002,Main-text rejected-statement percentage conflicts with the supplement counts,Cross-document numeric inconsistency,S_C,"[""S_C""]",recorded_candidate,,False,True,True,False,Main rejected-statement percentage6.4% conflicts with142/1350=10.5% from the supplied non-plan eTable3 site counts.,A different unreported rejection population/definition remains possible.,,2024/jama.2024.19585/.ai_paper_validation/final_report_1_5_3.md,78,"[""2024/jama.2024.19585/.ai_paper_validation/review_1_5_3/source_inventory.md""]"
2024::jama.2024.19585::C003,2024,jama.2024.19585,C003,eTable 10 labels logistic-regression odds ratios as differences,"Measure, label, or scale inconsistency",S_W,"[""S_W""]",recorded_candidate,,False,True,False,False,"Within one results supplement, eTable10 labels modeled effects Difference while eMethods expressly defines the relevant analyses as logistic odds ratios.",Difference might be an undefined generic heading; numerical odds-ratio error is not established.,,2024/jama.2024.19585/.ai_paper_validation/final_report_1_5_3.md,111,"[""2024/jama.2024.19585/.ai_paper_validation/review_1_5_3/source_inventory.md""]"
2024::jama.2024.2302::C001,2024,jama.2024.2302,C001,Primary SAE endpoint threshold label,"Measure, label, or scale inconsistency",P_R,"[""P_R"", ""P_P"", ""S_C""]",recorded_candidate,endpoint_definition_window_hierarchy,True,True,True,False,"Main Table2 and SAP define>=1 SAE, while matched results eTable2 and protocol use>1. This explicitly spans report-plan, protocol-SAP, and main-results-supplement definitions.",Mixed relations; identical44/159 and27/149 counts do not establish which threshold was implemented.,,2024/jama.2024.2302/.ai_paper_validation/final_report_1_5_3.md,50,"[""2024/jama.2024.2302/.ai_paper_validation/review_1_5_3/source_inventory.md"", ""2024/jama.2024.2302/.ai_paper_validation/review_1_5_3/verification/evidence_recheck.md""]"
2024::jama.2024.2302::C002,2024,jama.2024.2302,C002,Planned hospital-day medians,Cross-document numeric inconsistency,P_P,"[""P_P""]",recorded_candidate,,True,False,False,False,Protocol planning medians18/15 conflict with its own8/5 medians and the SAP's8/5; all compared numbers are planning assumptions.,"SAP explicitly calls18/15 incorrect and identifies8/5 as intended. This is disclosed plan correction, not observed-result disagreement or an undisclosed deviation.",,2024/jama.2024.2302/.ai_paper_validation/final_report_1_5_3.md,85,"[""2024/jama.2024.2302/.ai_paper_validation/review_1_5_3/source_inventory.md"", ""2024/jama.2024.2302/.ai_paper_validation/review_1_5_3/verification/evidence_recheck.md""]"
2024::jama.2024.2302::C003,2024,jama.2024.2302,C003,Bayesian intervention priors,Statistical reporting inconsistency,P_R,"[""P_R""]",recorded_candidate,analysis_specification,True,False,True,False,Main common categorical/count intervention prior range0.33-3.0 differs from SAP categorical0.2-4 and count0.33-3.3 descriptions.,"Final outcome-specific code/amendment is missing; SAP's approximate log-scale quantiles are contextual, not a separate coded plan-internal candidate.",,2024/jama.2024.2302/.ai_paper_validation/final_report_1_5_3.md,120,"[""2024/jama.2024.2302/.ai_paper_validation/review_1_5_3/source_inventory.md"", ""2024/jama.2024.2302/.ai_paper_validation/review_1_5_3/verification/evidence_recheck.md""]"
2024::jama.2024.2302::C004,2024,jama.2024.2302,C004,Gestational-age boundary,"Measure, label, or scale inconsistency",P_R,"[""P_R"", ""P_P""]",recorded_candidate,analysis_specification,True,False,True,False,Actual Figure3 upperGA group>=28 differs from SAP subgroup/stratification>28 wording; the SAP itself also uses>=28 for its covariate.,Mixed report-plan and internal-SAP boundary wording; covariate context supports possible shorthand but final coding is unknown.,,2024/jama.2024.2302/.ai_paper_validation/final_report_1_5_3.md,155,"[""2024/jama.2024.2302/.ai_paper_validation/review_1_5_3/source_inventory.md"", ""2024/jama.2024.2302/.ai_paper_validation/review_1_5_3/verification/evidence_recheck.md""]"
2024::jama.2024.2302::C005,2024,jama.2024.2302,C005,Primary-outcome time origin,"Measure, label, or scale inconsistency",P_R,"[""P_R"", ""P_P""]",recorded_candidate,endpoint_definition_window_hierarchy,True,False,True,False,Article/SAP use randomization as primarySAE timezero whereas protocol definitions use enrollment; verifier also records both terms inside protocol.,Mixed report-plan and internal/between-plan terminology; enrollment and randomization may be operationally simultaneous but are not defined as equal.,,2024/jama.2024.2302/.ai_paper_validation/final_report_1_5_3.md,190,"[""2024/jama.2024.2302/.ai_paper_validation/review_1_5_3/source_inventory.md"", ""2024/jama.2024.2302/.ai_paper_validation/review_1_5_3/verification/evidence_recheck.md""]"
2024::jama.2024.23898::C001,2024,jama.2024.23898,C001,Primary-outcome 72-hour clock origin is not stated consistently,Cross-document numeric inconsistency,P_R,"[""P_R""]",recorded_candidate,endpoint_definition_window_hierarchy,True,False,True,False,"Main primaryGI-3 labels72hours after surgery/operation, whereas SAP explicitly says72hours after start of operation.","This is ambiguity of timezero, not proven differing derivation; article wording may be shorthand.",,2024/jama.2024.23898/.ai_paper_validation/final_report_1_5_3.md,46,"[""2024/jama.2024.23898/.ai_paper_validation/review_1_5_3/source_inventory.md"", ""2024/jama.2024.23898/.ai_paper_validation/review_1_5_3/checkers/cross_source_consistency.md"", ""2024/jama.2024.23898/.ai_paper_validation/review_1_5_3/checkers/statistical_pass_2.md""]"
2024::jama.2024.23898::C002,2024,jama.2024.23898,C002,Postoperative opioid-consumption window is 24 hours versus 72 hours,Cross-document numeric inconsistency,P_R,"[""P_R""]",recorded_candidate,endpoint_definition_window_hierarchy,True,False,True,False,Main reports cumulative opioid consumption through24hours; protocol and SAP define the matched outcome through72hours.,A distinct final endpoint or amendment remains possible but no supplied final record resolves it.,,2024/jama.2024.23898/.ai_paper_validation/final_report_1_5_3.md,81,"[""2024/jama.2024.23898/.ai_paper_validation/review_1_5_3/source_inventory.md"", ""2024/jama.2024.23898/.ai_paper_validation/review_1_5_3/checkers/cross_source_consistency.md"", ""2024/jama.2024.23898/.ai_paper_validation/review_1_5_3/checkers/statistical_pass_2.md""]"
2024::jama.2024.23898::C003,2024,jama.2024.23898,C003,Unplanned-readmission window is 90 days versus 30 days,Cross-document numeric inconsistency,P_R,"[""P_R"", ""S_W""]",recorded_candidate,endpoint_definition_window_hierarchy,True,True,True,False,"Main Table3 reports readmissions within90days, whereas main Methods and protocol/SAP definitions including dummy-table heading specify30days.",Mixed report-plan and internal-article discrepancy; actual31/34 counts may be30-day counts under a90-day label or reflect a changed window.,,2024/jama.2024.23898/.ai_paper_validation/final_report_1_5_3.md,116,"[""2024/jama.2024.23898/.ai_paper_validation/review_1_5_3/source_inventory.md"", ""2024/jama.2024.23898/.ai_paper_validation/review_1_5_3/checkers/cross_source_consistency.md"", ""2024/jama.2024.23898/.ai_paper_validation/review_1_5_3/checkers/statistical_pass_2.md""]"
2024::jama.2024.23898::C004,2024,jama.2024.23898,C004,ERAS subgroup cut points differ from the protocol bands,"Measure, label, or scale inconsistency",P_R,"[""P_R""]",recorded_candidate,analysis_specification,True,False,True,False,"Reported eFigure lowERAS<5/10 places40% in low, unlike the protocol's example30%-60% middle band.","Protocol explicitly says e.g.; eFigure says definitions were not predefined. This is a candidate plan/report difference with disclosed exploratory categorization, not proof of protocol violation.",,2024/jama.2024.23898/.ai_paper_validation/final_report_1_5_3.md,151,"[""2024/jama.2024.23898/.ai_paper_validation/review_1_5_3/source_inventory.md"", ""2024/jama.2024.23898/.ai_paper_validation/review_1_5_3/checkers/cross_source_consistency.md"", ""2024/jama.2024.23898/.ai_paper_validation/review_1_5_3/checkers/statistical_pass_2.md""]"
2024::jama.2024.23898::C005,2024,jama.2024.23898,C005,The eFigure assigns both 99% and 95% labels to the same intervals,Statistical reporting inconsistency,S_W,"[""S_W""]",recorded_candidate,,False,True,False,False,One results eFigure labels subgroup intervals99% in its legend and95% in its caption; SAP99% convention supports the legend only.,Do not count plan involvement merely because SAP corroborates one side of the internal figure-label mismatch.,,2024/jama.2024.23898/.ai_paper_validation/final_report_1_5_3.md,186,"[""2024/jama.2024.23898/.ai_paper_validation/review_1_5_3/source_inventory.md"", ""2024/jama.2024.23898/.ai_paper_validation/review_1_5_3/checkers/statistical_pass_2.md""]"
2024::jama.2024.23898::C006,2024,jama.2024.23898,C006,Day-5 EQ-5D inference conflicts with blanket no-difference prose,Statistical reporting inconsistency,S_W,"[""S_W""]",recorded_candidate,,False,True,False,False,Main day5EQ-5D row givesP=.04 and95%CI excluding0 while its Results says no statistically significantEQ-5D difference. SAP confirms the nominal framework.,"SAP is framework support, not a separately targeted plan/report deviation; overall versus timepoint narrative rule is absent.",,2024/jama.2024.23898/.ai_paper_validation/final_report_1_5_3.md,221,"[""2024/jama.2024.23898/.ai_paper_validation/review_1_5_3/source_inventory.md"", ""2024/jama.2024.23898/.ai_paper_validation/review_1_5_3/checkers/statistical_pass_2.md""]"
2024::jama.2024.23898::C007,2024,jama.2024.23898,C007,ERAS subgroup is labeled as two levels versus three levels,"Measure, label, or scale inconsistency",P_R,"[""P_R"", ""S_C""]",recorded_candidate,analysis_specification,True,True,True,False,"Main Methods callsERAS high versus low, but SAP and reported eFigure identify high/moderate/low for the displayed interaction.",Mixed report-plan and main-results-supplement labels; article could use shorthand or describe an extreme-level contrast. Distinct from C004's numerical cutpoints.,,2024/jama.2024.23898/.ai_paper_validation/final_report_1_5_3.md,256,"[""2024/jama.2024.23898/.ai_paper_validation/review_1_5_3/source_inventory.md"", ""2024/jama.2024.23898/.ai_paper_validation/review_1_5_3/checkers/statistical_pass_2.md""]"
2024::jama.2024.25786::C001,2024,jama.2024.25786,C001,Liberal walk-in transport percentage does not reconcile with 4/743,"Denominator, proportion, or total inconsistency",S_W,"[""S_W""]",recorded_candidate,,False,True,False,False,"Results-supplement eTable2 pairs4/743 with5.3%, whereas the printed fraction gives0.5%.",,,2024/jama.2024.25786/.ai_paper_validation/final_report_1_5_3.md,47,"[""2024/jama.2024.25786/.ai_paper_validation/review_1_5_3/source_inventory.md""]"
2024::jama.2024.25786::C002,2024,jama.2024.25786,C002,Liberal vascular-surgery percentage is nonzero with a printed zero numerator,"Denominator, proportion, or total inconsistency",S_W,"[""S_W""]",recorded_candidate,,False,True,False,False,"Results-supplement eTable2 pairs0/747 with1.1%, inconsistent with its own count/total format.",,,2024/jama.2024.25786/.ai_paper_validation/final_report_1_5_3.md,69,"[""2024/jama.2024.25786/.ai_paper_validation/review_1_5_3/source_inventory.md""]"
2024::jama.2024.25786::C003,2024,jama.2024.25786,C003,Matched all-patient adjusted confidence-interval upper limit differs between eTables 4 and 7,Cross-document numeric inconsistency,S_W,"[""S_W""]",recorded_candidate,,False,True,False,False,Matched eTables4 and7 within the same results supplement print upper95% limits1.41 and1.39 forOR0.98. Main methods only provide model context.,Original cross-document category is within one non-plan PDF; precise model identity remains conditional.,,2024/jama.2024.25786/.ai_paper_validation/final_report_1_5_3.md,91,"[""2024/jama.2024.25786/.ai_paper_validation/review_1_5_3/source_inventory.md"", ""2024/jama.2024.25786/.ai_paper_validation/review_1_5_3/verification/evidence_recheck.md""]"
2024::jama.2024.25786::C004,2024,jama.2024.25786,C004,AIS less-than-3 subgroup percentage conflicts with its count and matched Figure 4,Cross-document numeric inconsistency,S_C,"[""S_C"", ""S_W""]",recorded_candidate,,False,True,True,False,"Main Figure4 gives48/473(10.1) while results eTable7 gives48/473(9.2), also inconsistent with its own fraction.",Mixed cross-file repeated percentage and within-table arithmetic relationship.,,2024/jama.2024.25786/.ai_paper_validation/final_report_1_5_3.md,113,"[""2024/jama.2024.25786/.ai_paper_validation/review_1_5_3/source_inventory.md"", ""2024/jama.2024.25786/.ai_paper_validation/review_1_5_3/verification/evidence_recheck.md""]"
2024::jama.2024.25786::C005,2024,jama.2024.25786,C005,Known-lung-disease subgroup percentage conflicts with its count and matched Figure 4,Cross-document numeric inconsistency,S_C,"[""S_C"", ""S_W""]",recorded_candidate,,False,True,True,False,Main Figure4 gives14/69(20.3) while results eTable7 gives14/69(20.2); the latter differs from ordinary nearest rounding.,Mixed cross-file and internal arithmetic; unspecified truncation could explain20.2.,,2024/jama.2024.25786/.ai_paper_validation/final_report_1_5_3.md,135,"[""2024/jama.2024.25786/.ai_paper_validation/review_1_5_3/source_inventory.md"", ""2024/jama.2024.25786/.ai_paper_validation/review_1_5_3/verification/evidence_recheck.md""]"
2024::jama.2024.25786::C006,2024,jama.2024.25786,C006,Postrandomization-exclusion total and group counts do not reconcile across eTable 10 and Figure 1,Cross-document numeric inconsistency,S_C,"[""S_C"", ""S_W""]",recorded_candidate,,False,True,True,False,"Results eTable10 gives55+67=122 against its ownN130, while main Figure1 gives59+71=130.",Mixed cross-file counts and within-table total; four Swiss-law consent omissions per arm offer a plausible but unlabelled restriction.,,2024/jama.2024.25786/.ai_paper_validation/final_report_1_5_3.md,157,"[""2024/jama.2024.25786/.ai_paper_validation/review_1_5_3/source_inventory.md"", ""2024/jama.2024.25786/.ai_paper_validation/review_1_5_3/verification/evidence_recheck.md""]"
2024::jama.2024.25786::C007,2024,jama.2024.25786,C007,Secondary-exclusion cells pair within-group denominators with cross-group partition percentages,"Denominator, proportion, or total inconsistency",S_W,"[""S_W""]",recorded_candidate,,False,True,False,False,"Results eTable10 pairs174/750 and165/758 with51%/49%, which instead partition339 cross-arm exclusions. Main Figure1 agrees with the counts.","Main is corroborative; the two unassigned cases are already explained by a footnote, so that two-person gap is not another discrepancy.",,2024/jama.2024.25786/.ai_paper_validation/final_report_1_5_3.md,179,"[""2024/jama.2024.25786/.ai_paper_validation/review_1_5_3/source_inventory.md"", ""2024/jama.2024.25786/.ai_paper_validation/review_1_5_3/verification/evidence_recheck.md""]"
2024::jama.2024.25786::C008,2024,jama.2024.25786,C008,Missing-as-event primary count uses a doubled numerator/denominator separator,"Measure, label, or scale inconsistency",S_W,"[""S_W""]",recorded_candidate,,False,True,False,False,Results eTable11 prints135//750 with a doubled separator despite its own single-slash count convention; numerical18.0% reconciles.,Notation defect remains observed even though arithmetic reconciles; not a negated candidate.,,2024/jama.2024.25786/.ai_paper_validation/final_report_1_5_3.md,201,"[""2024/jama.2024.25786/.ai_paper_validation/review_1_5_3/source_inventory.md""]"
2024::jama.2024.4183::C001,2024,jama.2024.4183,C001,Abstract phase-2 allocation percentages mix incompatible denominators,"Denominator, proportion, or total inconsistency",S_W,"[""S_W""]",recorded_candidate,,False,True,False,False,"Main abstract phase2 allocations combine percentages based on191/157 and151/122, summing114%/115%; Figure2 supplies nonattender context.",,,2024/jama.2024.4183/.ai_paper_validation/final_report_1_5_3.md,54,"[""2024/jama.2024.4183/.ai_paper_validation/review_1_5_3/source_inventory.md""]"
2024::jama.2024.4183::C002,2024,jama.2024.4183,C002,Main baseline sex counts exceed both printed arm denominators,"Denominator, proportion, or total inconsistency",S_W,"[""S_W""]",recorded_candidate,,False,True,False,False,"Main baseline table gives105+145=250 within each n245 arm, and male145 does not yield57.1%.",,,2024/jama.2024.4183/.ai_paper_validation/final_report_1_5_3.md,87,"[""2024/jama.2024.4183/.ai_paper_validation/review_1_5_3/source_inventory.md""]"
2024::jama.2024.4183::C003,2024,jama.2024.4183,C003,Displayed randomization total does not equal its two initial branches,"Denominator, proportion, or total inconsistency",S_W,"[""S_W""]",recorded_candidate,,False,True,False,False,Main initial randomized491 parent does not equal245+245=490 branches; later exclusion pertains to analysis total.,,,2024/jama.2024.4183/.ai_paper_validation/final_report_1_5_3.md,120,"[""2024/jama.2024.4183/.ai_paper_validation/review_1_5_3/source_inventory.md""]"
2024::jama.2024.4183::C004,2024,jama.2024.4183,C004,Results reverses attendance status for continuation assignments,Analysis-unit or population inconsistency,S_W,"[""S_W""]",recorded_candidate,,False,True,False,False,"Main Results calls the same40+35 continuation-assigned patients attendees, whereas abstract/Figure2 call them nonattendees.",,,2024/jama.2024.4183/.ai_paper_validation/final_report_1_5_3.md,153,"[""2024/jama.2024.4183/.ai_paper_validation/review_1_5_3/source_inventory.md""]"
2024::jama.2024.4183::C005,2024,jama.2024.4183,C005,CNRT dose-increase primary CrI differs between abstract and matched results,Statistical reporting inconsistency,S_C,"[""S_C"", ""S_W""]",recorded_candidate,,False,True,True,False,Conditional abstract interval6%-11% for increasedCNRT differs from2%-11% explicitly printed in main Results and results eTable4.,Mixed cross-file/internal repetitions if abstract parenthetical applies to both rescue strategies; it may apply only to switch. Related to C006 but a distinct contrast.,,2024/jama.2024.4183/.ai_paper_validation/final_report_1_5_3.md,186,"[""2024/jama.2024.4183/.ai_paper_validation/review_1_5_3/source_inventory.md"", ""2024/jama.2024.4183/.ai_paper_validation/review_1_5_3/verification/evidence_recheck.md""]"
2024::jama.2024.4183::C006,2024,jama.2024.4183,C006,"CNRT switch primary CrI differs across abstract, Results, and eTable",Statistical reporting inconsistency,S_C,"[""S_C"", ""S_W""]",recorded_candidate,,False,True,True,False,"CNRT-switch interval is6%-11% in main abstract,2%-11% in main Results, and2%-10% in results eTable4.",Mixed cross-file and internal repetitions; separate switch contrast from C005.,,2024/jama.2024.4183/.ai_paper_validation/final_report_1_5_3.md,219,"[""2024/jama.2024.4183/.ai_paper_validation/review_1_5_3/source_inventory.md"", ""2024/jama.2024.4183/.ai_paper_validation/review_1_5_3/verification/evidence_recheck.md""]"
2024::jama.2024.4183::C007,2024,jama.2024.4183,C007,Varenicline-to-CNRT switch contrast has inconsistent sign and reference,"Measure, label, or scale inconsistency",S_C,"[""S_C"", ""S_W""]",recorded_candidate,,False,True,True,False,"Main switch-versus-continuationRD-3% differs from+3% in results eTable4, while main text calls continuation worse despite own0% switch versus3% stay values.",Mixed cross-file sign/reference mismatch and main internal narrative direction mismatch.,,2024/jama.2024.4183/.ai_paper_validation/final_report_1_5_3.md,252,"[""2024/jama.2024.4183/.ai_paper_validation/review_1_5_3/source_inventory.md"", ""2024/jama.2024.4183/.ai_paper_validation/review_1_5_3/verification/evidence_recheck.md""]"
2024::jama.2024.4183::C008,2024,jama.2024.4183,C008,Increased-varenicline primary CrI upper endpoint differs,Statistical reporting inconsistency,S_C,"[""S_C""]",recorded_candidate,,False,True,True,False,Main increased-vareniclineRD18% interval13%-24% differs from results eTable4 interval13%-23%.,,,2024/jama.2024.4183/.ai_paper_validation/final_report_1_5_3.md,285,"[""2024/jama.2024.4183/.ai_paper_validation/review_1_5_3/source_inventory.md""]"
2024::jama.2024.4183::C009,2024,jama.2024.4183,C009,Phase-1 abstainer primary CrI lower endpoint differs,Statistical reporting inconsistency,S_C,"[""S_C""]",recorded_candidate,,False,True,True,False,Main phase1-abstainerRD6% interval-5%-16% differs from results eTable4 interval-4%-16%.,,,2024/jama.2024.4183/.ai_paper_validation/final_report_1_5_3.md,318,"[""2024/jama.2024.4183/.ai_paper_validation/review_1_5_3/source_inventory.md""]"
2024::jama.2024.4183::C010,2024,jama.2024.4183,C010,Protocol beta parameters do not reproduce the paired varenicline response probability,Statistical reporting inconsistency,P_P,"[""P_P""]",recorded_candidate,,True,False,False,False,"Within protocolFigure2,Beta(785,869) yields mean0.4746 and diagnostic95%quantiles0.4506-0.4987 rather than paired0.50(0.40-0.60).",Whether paired interval describes that beta distribution is not explicit; no reported-result comparator.,,2024/jama.2024.4183/.ai_paper_validation/final_report_1_5_3.md,351,"[""2024/jama.2024.4183/.ai_paper_validation/review_1_5_3/source_inventory.md"", ""2024/jama.2024.4183/.ai_paper_validation/review_1_5_3/verification/evidence_recheck.md""]"
2024::jama.2024.4183::C011,2024,jama.2024.4183,C011,Protocol Aim-1 power increases at a stricter nested threshold,Statistical reporting inconsistency,P_P,"[""P_P""]",recorded_candidate,,True,False,False,False,"ProtocolTable3 power rises0.948 to0.980 as posterior threshold tightens0.80 to0.85, conflicting with nested detection on one simulation set.",Common simulation realizations are unconfirmed; independent MonteCarlo sets could explain the rise.,,2024/jama.2024.4183/.ai_paper_validation/final_report_1_5_3.md,384,"[""2024/jama.2024.4183/.ai_paper_validation/review_1_5_3/source_inventory.md"", ""2024/jama.2024.4183/.ai_paper_validation/review_1_5_3/verification/evidence_recheck.md""]"
2024::jama.2024.4183::C012,2024,jama.2024.4183,C012,Protocol Table 3 duplicates an Aim-2 comparator label,"Measure, label, or scale inconsistency",P_P,"[""P_P""]",recorded_candidate,,True,False,False,False,ProtocolTable3 repeatsVARvsNPL for third effect0.195 even though its own contrast definitions and0.399-0.204 matchVARvsNPL+.,,,2024/jama.2024.4183/.ai_paper_validation/final_report_1_5_3.md,417,"[""2024/jama.2024.4183/.ai_paper_validation/review_1_5_3/source_inventory.md"", ""2024/jama.2024.4183/.ai_paper_validation/review_1_5_3/verification/evidence_recheck.md""]"
2024::jama.2024.4183::C013,2024,jama.2024.4183,C013,ETable 3 reverses count and percentage in one n (%) cell,"Measure, label, or scale inconsistency",S_W,"[""S_W""]",recorded_candidate,,False,True,False,False,"Results eTable3 raceOther cell4.9(2) reverses its n(%) order, with2/41=4.9%.",,,2024/jama.2024.4183/.ai_paper_validation/final_report_1_5_3.md,450,"[""2024/jama.2024.4183/.ai_paper_validation/review_1_5_3/source_inventory.md""]"
2024::jama.2024.4183::C014,2024,jama.2024.4183,C014,EOT+30 CNRT-switch cell estimate and CrI do not reconcile with matched figure as printed,Statistical reporting inconsistency,S_W,"[""S_W""]",recorded_candidate,,False,True,False,False,"Within results supplement,EOT+30CNRT-switch narrative1.0%(7.0%-1.3%) disagrees with eFigure2's5/51,10%(7%-13%), and has reversed/noncontaining bounds.",,,2024/jama.2024.4183/.ai_paper_validation/final_report_1_5_3.md,483,"[""2024/jama.2024.4183/.ai_paper_validation/review_1_5_3/source_inventory.md""]"
2024::jama.2024.4183::C015,2024,jama.2024.4183,C015,EOT+30 increased-CNRT cell CrI upper endpoint does not reconcile with matched figure as printed,Statistical reporting inconsistency,S_W,"[""S_W""]",recorded_candidate,,False,True,False,False,"Within results supplement,EOT+30increasedCNRT narrative8%(5%-1.1%) disagrees with eFigure2's8%(5%-11%).",,,2024/jama.2024.4183/.ai_paper_validation/final_report_1_5_3.md,516,"[""2024/jama.2024.4183/.ai_paper_validation/review_1_5_3/source_inventory.md""]"
2024::jama.2024.4183::C016,2024,jama.2024.4183,C016,EOT+30 CNRT-switch ARD CrI upper endpoint does not reconcile with matched table as printed,Statistical reporting inconsistency,S_W,"[""S_W""]",recorded_candidate,,False,True,False,False,"Within results supplement,CNRT-switchARD6%(3%-1.0%) narrative disagrees with eTable9's6%(3%-10%).","Different estimand from C014's arm-specific response cell, so not a duplicate.",,2024/jama.2024.4183/.ai_paper_validation/final_report_1_5_3.md,549,"[""2024/jama.2024.4183/.ai_paper_validation/review_1_5_3/source_inventory.md""]"
2024::jama.2024.4183::C017,2024,jama.2024.4183,C017,EOT+30 increased-varenicline narrative has repeated intervals that do not reconcile as printed,Statistical reporting inconsistency,S_W,"[""S_W""]",recorded_candidate,,False,True,False,False,"Within results supplement,increased-varenicline narrative repeats8%(5%-1.1%) for its cell and twoARDs, while matched eFigure/eTables give8%(5%-11%).",Multiple repeated affected outputs intentionally preserved as one source candidate; distinct arm from C015.,,2024/jama.2024.4183/.ai_paper_validation/final_report_1_5_3.md,582,"[""2024/jama.2024.4183/.ai_paper_validation/review_1_5_3/source_inventory.md""]"
2024::jama.2024.4183::C018,2024,jama.2024.4183,C018,EOT+30 abstainer ARD is 1.1% in narrative but 11% in eTable,Statistical reporting inconsistency,S_W,"[""S_W""]",recorded_candidate,,False,True,False,False,"Within results supplement,abstainerARD1.1% narrative differs from11% in eTable11 and its67%-56% displayed cell difference.",,,2024/jama.2024.4183/.ai_paper_validation/final_report_1_5_3.md,615,"[""2024/jama.2024.4183/.ai_paper_validation/review_1_5_3/source_inventory.md""]"
2024::jama.2024.4183::C019,2024,jama.2024.4183,C019,Six-month CNRT-switch cross-reference does not directly identify the matched table,"Measure, label, or scale inconsistency",S_W,"[""S_W""]",recorded_candidate,,False,True,False,False,Results-supplement sixmonthCNRT-switch narrative cites compliance eTable7 rather than matched outcome eTable9 in the same PDF.,,,2024/jama.2024.4183/.ai_paper_validation/final_report_1_5_3.md,648,"[""2024/jama.2024.4183/.ai_paper_validation/review_1_5_3/source_inventory.md""]"
2024::jama.2024.4183::C020,2024,jama.2024.4183,C020,Six-month abstainer narrative interval and direction do not reconcile with matched sources,Statistical reporting inconsistency,S_W,"[""S_W""]",recorded_candidate,,False,True,False,False,"Within results supplement,sixmonthabstainer narrative+1%(-1.3%,-1.1%),probability55%,direction text conflict with eTable11+1%(-11%,12%),56% and paired figure values.",Several result fields bundled in one retained candidate; no cross-file source or plan relationship.,,2024/jama.2024.4183/.ai_paper_validation/final_report_1_5_3.md,681,"[""2024/jama.2024.4183/.ai_paper_validation/review_1_5_3/source_inventory.md""]"
2024::jama.2024.4183::C021,2024,jama.2024.4183,C021,Phase-1-abstainer summary cross-reference does not directly identify the matched table,"Measure, label, or scale inconsistency",S_W,"[""S_W""]",recorded_candidate,,False,True,False,False,Results-supplement phase1-abstainer summary cites nonabstainer eTable10 rather than its matched eTable11 in the same PDF.,,,2024/jama.2024.4183/.ai_paper_validation/final_report_1_5_3.md,714,"[""2024/jama.2024.4183/.ai_paper_validation/review_1_5_3/source_inventory.md""]"
2024::jama.2024.4183::C022,2024,jama.2024.4183,C022,Six-month VAR-plus-versus-switch cross-reference does not directly identify the matched table,"Measure, label, or scale inconsistency",S_W,"[""S_W""]",recorded_candidate,,False,True,False,False,Results-supplement VARplus-versus-switch clause cites continuation-reference eTable9 rather than direct-switch-reference eTable10 in the same PDF.,,,2024/jama.2024.4183/.ai_paper_validation/final_report_1_5_3.md,747,"[""2024/jama.2024.4183/.ai_paper_validation/review_1_5_3/source_inventory.md""]"
2024::jama.2024.4183::C023,2024,jama.2024.4183,C023,ETable 3 employment value order differs from declared n (%),"Measure, label, or scale inconsistency",S_W,"[""S_W""]",recorded_candidate,,False,True,False,False,Results eTable3 employment heading n(%) disagrees with all16 cells displaying percentage(count).,Separate employment row block from C013's race cell.,,2024/jama.2024.4183/.ai_paper_validation/final_report_1_5_3.md,780,"[""2024/jama.2024.4183/.ai_paper_validation/review_1_5_3/source_inventory.md"", ""2024/jama.2024.4183/.ai_paper_validation/review_1_5_3/verification/evidence_recheck.md""]"
2024::jama.2024.4183::C024,2024,jama.2024.4183,C024,ETable 3 employment totals do not close to two printed column Ns,"Denominator, proportion, or total inconsistency",S_W,"[""S_W""]",recorded_candidate,,False,True,False,False,Results eTable3 employed/unemployed counts sum49/50 and38/39 with no missingness category.,Distinct from C023: reordering values does not supply the missing participant per column.,,2024/jama.2024.4183/.ai_paper_validation/final_report_1_5_3.md,813,"[""2024/jama.2024.4183/.ai_paper_validation/review_1_5_3/source_inventory.md"", ""2024/jama.2024.4183/.ai_paper_validation/review_1_5_3/verification/evidence_recheck.md""]"
2024::jama.2024.6063::C001,2024,jama.2024.6063,C001,Placebo discontinuation counts differ between Figure 1 and the Results text,"Denominator, proportion, or total inconsistency",S_W,"[""S_W""]",recorded_candidate,,False,True,False,False,Main Figure1 gives21placebo discontinuations/111completers but Results gives23withdrawals/losses and implied109completers.,Disposition-category identity is conditional.,,2024/jama.2024.6063/.ai_paper_validation/final_report_1_5_3.md,48,"[""2024/jama.2024.6063/.ai_paper_validation/review_1_5_3/source_inventory.md""]"
2024::jama.2024.6063::C002,2024,jama.2024.6063,C002,eTable 2 names 167 and 165 for the overall adherence population,"Denominator, proportion, or total inconsistency",S_W,"[""S_W""]",recorded_candidate,,False,True,False,False,Results eTable2 row n167 and percentage-supported83+84 conflict with its footnote n165.,A narrower footnote population is possible; separate from C016's main95% discrepancy.,,2024/jama.2024.6063/.ai_paper_validation/final_report_1_5_3.md,81,"[""2024/jama.2024.6063/.ai_paper_validation/review_1_5_3/source_inventory.md""]"
2024::jama.2024.6063::C003,2024,jama.2024.6063,C003,eTable 5 krill “Smaller by 1 unit” percentage conflicts with 10 of 107,"Denominator, proportion, or total inconsistency",S_W,"[""S_W""]",recorded_candidate,,False,True,False,False,"Results eTable5 krill smaller1unit10/107 is printed12%, versus ordinary9%.",,,2024/jama.2024.6063/.ai_paper_validation/final_report_1_5_3.md,114,"[""2024/jama.2024.6063/.ai_paper_validation/review_1_5_3/source_inventory.md""]"
2024::jama.2024.6063::C004,2024,jama.2024.6063,C004,eTable 5 krill “No change” percentage conflicts with 80 of 107,"Denominator, proportion, or total inconsistency",S_W,"[""S_W""]",recorded_candidate,,False,True,False,False,"Results eTable5 krill nochange80/107 is printed72%, versus ordinary75%.",,,2024/jama.2024.6063/.ai_paper_validation/final_report_1_5_3.md,147,"[""2024/jama.2024.6063/.ai_paper_validation/review_1_5_3/source_inventory.md""]"
2024::jama.2024.6063::C005,2024,jama.2024.6063,C005,eTable 5 krill “Larger by 1 unit” percentage conflicts with 12 of 107,"Denominator, proportion, or total inconsistency",S_W,"[""S_W""]",recorded_candidate,,False,True,False,False,"Results eTable5 krill larger1unit12/107 is printed12%, versus ordinary11%.",,,2024/jama.2024.6063/.ai_paper_validation/final_report_1_5_3.md,180,"[""2024/jama.2024.6063/.ai_paper_validation/review_1_5_3/source_inventory.md""]"
2024::jama.2024.6063::C006,2024,jama.2024.6063,C006,eTable 5 placebo “Smaller by 2 units” percentage conflicts with 2 of 109,"Denominator, proportion, or total inconsistency",S_W,"[""S_W""]",recorded_candidate,,False,True,False,False,"Results eTable5 placebo smaller2units2/109 is printed1.9%, versus ordinary1.8%.",,,2024/jama.2024.6063/.ai_paper_validation/final_report_1_5_3.md,213,"[""2024/jama.2024.6063/.ai_paper_validation/review_1_5_3/source_inventory.md""]"
2024::jama.2024.6063::C007,2024,jama.2024.6063,C007,eTable 5 placebo “Smaller by 1 unit” percentage conflicts with 16 of 109,"Denominator, proportion, or total inconsistency",S_W,"[""S_W""]",recorded_candidate,,False,True,False,False,"Results eTable5 placebo smaller1unit16/109 is printed12%, versus ordinary15%.",,,2024/jama.2024.6063/.ai_paper_validation/final_report_1_5_3.md,246,"[""2024/jama.2024.6063/.ai_paper_validation/review_1_5_3/source_inventory.md""]"
2024::jama.2024.6063::C008,2024,jama.2024.6063,C008,eTable 5 placebo “No change” percentage conflicts with 75 of 109,"Denominator, proportion, or total inconsistency",S_W,"[""S_W""]",recorded_candidate,,False,True,False,False,"Results eTable5 placebo nochange75/109 is printed72%, versus ordinary69%.",,,2024/jama.2024.6063/.ai_paper_validation/final_report_1_5_3.md,279,"[""2024/jama.2024.6063/.ai_paper_validation/review_1_5_3/source_inventory.md""]"
2024::jama.2024.6063::C009,2024,jama.2024.6063,C009,eTable 4 repeats week-4 function changes in the weight-bearing-pain row,Numeric or arithmetic inconsistency,S_W,"[""S_W""]",recorded_candidate,,False,True,False,False,"Within results eTable4,week4weight-bearingpain repeats both function-arm change estimates/intervals despite separate outcome labels.","Descriptive subtraction is diagnostic, not adjusted-model reconstruction; coincidence/production cause is unproven.",,2024/jama.2024.6063/.ai_paper_validation/final_report_1_5_3.md,312,"[""2024/jama.2024.6063/.ai_paper_validation/review_1_5_3/source_inventory.md""]"
2024::jama.2024.6063::C010,2024,jama.2024.6063,C010,eTable 4 repeats week-4 back-pain results in week-12 lower-leg strength,Statistical reporting inconsistency,S_W,"[""S_W""]",recorded_candidate,,False,True,False,False,"Within results eTable4,week12legstrength repeats the complete week4backpain changes,effect,interval,andP=.53.",Distinct pair of rows from C009/C011; model-versus-descriptive differences alone are not proof.,,2024/jama.2024.6063/.ai_paper_validation/final_report_1_5_3.md,345,"[""2024/jama.2024.6063/.ai_paper_validation/review_1_5_3/source_inventory.md""]"
2024::jama.2024.6063::C011,2024,jama.2024.6063,C011,eTable 4 repeats the week-12 hsCRP result in fasting glucose,Statistical reporting inconsistency,S_W,"[""S_W""]",recorded_candidate,,False,True,False,False,"Within results eTable4,week12fastingglucose repeats hsCRP's between-group0.07(-1.19,1.33),P=.92.","Separate paired measures from C009/C010; identical outputs are a candidate, not proof of copying.",,2024/jama.2024.6063/.ai_paper_validation/final_report_1_5_3.md,378,"[""2024/jama.2024.6063/.ai_paper_validation/review_1_5_3/source_inventory.md""]"
2024::jama.2024.6063::C012,2024,jama.2024.6063,C012,Key Points and other matched primary-result displays use opposite signs,Cross-document numeric inconsistency,S_C,"[""S_C"", ""S_W""]",recorded_candidate,,False,True,True,False,Main KeyPoints gives+0.30 but its own abstract/table/Results give-0.3 and results eTable1 gives-0.27 for otherwise matched primary fields.,Mixed internal-main and cross-file sign discrepancy; common signed operand order is undefined.,,2024/jama.2024.6063/.ai_paper_validation/final_report_1_5_3.md,411,"[""2024/jama.2024.6063/.ai_paper_validation/review_1_5_3/source_inventory.md"", ""2024/jama.2024.6063/.ai_paper_validation/review_1_5_3/verification/evidence_recheck.md""]"
2024::jama.2024.6063::C013,2024,jama.2024.6063,C013,Placebo extremity-pain event count is 6 in Table 3 and 5 elsewhere,Cross-document numeric inconsistency,S_C,"[""S_C"", ""S_W""]",recorded_candidate,,False,True,True,False,Main Table3 placeboextremitypain count6 differs from5 in its abstract/narrative and results eTable7.,Mixed internal-main/cross-file counts; coding-category equivalence remains conditional.,,2024/jama.2024.6063/.ai_paper_validation/final_report_1_5_3.md,444,"[""2024/jama.2024.6063/.ai_paper_validation/review_1_5_3/source_inventory.md"", ""2024/jama.2024.6063/.ai_paper_validation/review_1_5_3/verification/evidence_recheck.md""]"
2024::jama.2024.6063::C014,2024,jama.2024.6063,C014,Table 3 regular-adverse-event footnote points to eTable 4 instead of eTable 7,"Measure, label, or scale inconsistency",S_C,"[""S_C""]",recorded_candidate,,False,True,True,False,Main Table3 adverse-event footnote cites eTable4 but supplied results supplement eTable4 is secondary endpoints and eTable7 contains the stated adverse-event detail.,Cross-file destination/content mismatch; main narrative corroborates intended eTable7.,,2024/jama.2024.6063/.ai_paper_validation/final_report_1_5_3.md,477,"[""2024/jama.2024.6063/.ai_paper_validation/review_1_5_3/source_inventory.md"", ""2024/jama.2024.6063/.ai_paper_validation/review_1_5_3/verification/evidence_recheck.md""]"
2024::jama.2024.6063::C015,2024,jama.2024.6063,C015,Table 3 serious-adverse-event footnote points to eTables 5 and 6 instead of eTable 8,"Measure, label, or scale inconsistency",S_C,"[""S_C""]",recorded_candidate,,False,True,True,False,Main Table3 serious-event footnote cites eTables5/6 but results supplement uses those forWORMS/analgesics and places serious events in eTable8.,Cross-file destination/content mismatch; separate regular-versus-serious-event footnotes from C014.,,2024/jama.2024.6063/.ai_paper_validation/final_report_1_5_3.md,510,"[""2024/jama.2024.6063/.ai_paper_validation/review_1_5_3/source_inventory.md"", ""2024/jama.2024.6063/.ai_paper_validation/review_1_5_3/verification/evidence_recheck.md""]"
2024::jama.2024.6063::C016,2024,jama.2024.6063,C016,Main-text 95% adherence does not reproduce the cited eTable 2 overall result,Cross-document numeric inconsistency,S_C,"[""S_C""]",recorded_candidate,,False,True,True,False,Main95%adherence statement disagrees with163/167=97.6% from its cited results eTable2.,"Main numerator/denominator unknown; C002 separately records the eTable167versus165 discrepancy, so not a duplicate and no added internal relation here.",,2024/jama.2024.6063/.ai_paper_validation/final_report_1_5_3.md,543,"[""2024/jama.2024.6063/.ai_paper_validation/review_1_5_3/source_inventory.md"", ""2024/jama.2024.6063/.ai_paper_validation/review_1_5_3/verification/evidence_recheck.md""]"
2025::jama.2024.24764::C001,2025,jama.2024.24764,C001,Smoking percentages use a different denominator from the printed smoking totals,"Denominator, proportion, or total inconsistency",S_W,"[""S_W""]",recorded_candidate,,False,True,False,False,Target is within one main article or one non-plan results supplement/workbook; no substantive plan comparison. Reported percentages are 53.5/23.1/21.9 and 54.4/17.1/26.6; comparator denominators are printed smoking totals 405/402 versus group headers 411/410.,,,2025/jama.2024.24764/.ai_paper_validation/final_report_1_5_3.md,44,[]
2025::jama.2024.24764::C002,2025,jama.2024.24764,C002,Operating-surgeon level totals exceed participant denominators without a multi-response qualifier,"Denominator, proportion, or total inconsistency",S_W,"[""S_W""]",recorded_candidate,,False,True,False,False,Target is within one main article or one non-plan results supplement/workbook; no substantive plan comparison. Category totals 446 and 429 are compared with participant denominators 411 and 410; percentage totals are 108.5% and 104.6%.,,,2025/jama.2024.24764/.ai_paper_validation/final_report_1_5_3.md,77,[]
2025::jama.2024.24764::C003,2025,jama.2024.24764,C003,Fascia-closing surgeon level totals exceed participant denominators without a multi-response qualifier,"Denominator, proportion, or total inconsistency",S_W,"[""S_W""]",recorded_candidate,,False,True,False,False,Target is within one main article or one non-plan results supplement/workbook; no substantive plan comparison. Totals 445 and 433 are compared with 411 and 410; percentage totals are 108.2% and 105.7%.,,,2025/jama.2024.24764/.ai_paper_validation/final_report_1_5_3.md,110,[]
2025::jama.2024.24764::C004,2025,jama.2024.24764,C004,Skin-closing surgeon level totals exceed participant denominators without a multi-response qualifier,"Denominator, proportion, or total inconsistency",S_W,"[""S_W""]",recorded_candidate,,False,True,False,False,Target is within one main article or one non-plan results supplement/workbook; no substantive plan comparison. Totals 425 and 416 are compared with 411 and 410; percentage totals are 103.5% and 101.5%.,,,2025/jama.2024.24764/.ai_paper_validation/final_report_1_5_3.md,143,[]
2025::jama.2024.24764::C005,2025,jama.2024.24764,C005,Control-arm mortality differs between participant flow and 30-day safety reporting,Cross-document numeric inconsistency,S_W,"[""S_W""]",recorded_candidate,,False,True,False,False,Target is within one main article or one non-plan results supplement/workbook; no substantive plan comparison. Figure 1 total 25 and control count 15 are compared with the explicitly 30-day total 24 and control count 14.,Figure mortality window is unspecified; count discrepancy may be a time-window difference. All locations are in the main article despite original cross-document category.,,2025/jama.2024.24764/.ai_paper_validation/final_report_1_5_3.md,176,"[""2025/jama.2024.24764/.ai_paper_validation/review_1_5_3/verification/evidence_recheck.md""]"
2025::jama.2024.24764::C006,2025,jama.2024.24764,C006,Longitudinal quality-of-life covariance specification differs between SAP and final article,Statistical reporting inconsistency,P_R,"[""P_R""]",recorded_candidate,analysis_specification,True,False,True,False,Target compares reported current-study content with supplied protocol/SAP specification. Final-article independent covariance is compared with SAP unstructured covariance and robust sandwich variance estimation.,Covariance specifications differ; article silence about sandwich SE does not prove it was absent. Amendment/output unavailable.,,2025/jama.2024.24764/.ai_paper_validation/final_report_1_5_3.md,209,"[""2025/jama.2024.24764/.ai_paper_validation/review_1_5_3/verification/evidence_recheck.md""]"
2025::jama.2024.24764::C007,2025,jama.2024.24764,C007,Length-of-stay effect measure and model differ between SAP/protocol and final article,"Measure, label, or scale inconsistency",P_R,"[""P_R""]",recorded_candidate,analysis_specification,True,False,True,False,"Target compares reported current-study content with supplied protocol/SAP specification. Multiplicative, dimensionless ratios of geometric means are compared with additive differences in days for the same endpoint.",UK-only comparison isolates effect measure from C008 population issue; skewness anticipated but planned median difference differs from geometric-mean ratio.,,2025/jama.2024.24764/.ai_paper_validation/final_report_1_5_3.md,242,"[""2025/jama.2024.24764/.ai_paper_validation/review_1_5_3/verification/evidence_recheck.md""]"
2025::jama.2024.24764::C008,2025,jama.2024.24764,C008,Australia-inclusive length-of-stay result differs from the stated UK-only analysis population,Analysis-unit or population inconsistency,P_R,"[""P_R""]",recorded_candidate,population_recruitment_sites,True,False,True,False,Target compares reported current-study content with supplied protocol/SAP specification. A UK-and-Australia analysis population is compared with the planned UK-only endpoint population.,"UK-only result remains reported; all-country result is additional and status is unclear, not proven substitution.",,2025/jama.2024.24764/.ai_paper_validation/final_report_1_5_3.md,275,"[""2025/jama.2024.24764/.ai_paper_validation/review_1_5_3/verification/evidence_recheck.md""]"
2025::jama.2024.27643::C001,2025,jama.2024.27643,C001,Shared-placebo race missingness does not reconcile with the printed denominator,"Denominator, proportion, or total inconsistency",S_W,"[""S_W""]",recorded_candidate,,False,True,False,False,"Target is within one main article or one non-plan results supplement/workbook; no substantive plan comparison. The printed group total is 164 and the printed race denominator/category sum is 160, whereas the footnote reports 3 unknown or unreported participants.",,,2025/jama.2024.27643/.ai_paper_validation/final_report_1_5_3.md,42,[]
2025::jama.2024.27643::C002,2025,jama.2024.27643,C002,SVC values have incompatible monthly-rate and 24-week-change labels,"Measure, label, or scale inconsistency",S_C,"[""S_C""]",recorded_candidate,,False,True,True,False,Target explicitly compares current main article and non-plan results supplement/workbook. A monthly rate is printed in the article; a cumulative 24-week change label is printed for the same values in the cited table.,,,2025/jama.2024.27643/.ai_paper_validation/final_report_1_5_3.md,77,[]
2025::jama.2024.27643::C003,2025,jama.2024.27643,C003,Shared-placebo ALSFRS-R credible-interval endpoints differ for the cited primary model,Cross-document numeric inconsistency,S_C,"[""S_C""]",recorded_candidate,,False,True,True,False,"Target explicitly compares current main article and non-plan results supplement/workbook. Matched Bayesian shared-parameter-model, group, endpoint, and unit labels accompany different three-decimal interval endpoints.",,,2025/jama.2024.27643/.ai_paper_validation/final_report_1_5_3.md,112,[]
2025::jama.2024.27643::C004,2025,jama.2024.27643,C004,Pooled-active ALSFRS-R credible-interval endpoints differ for the cited primary model,Cross-document numeric inconsistency,S_C,"[""S_C""]",recorded_candidate,,False,True,True,False,"Target explicitly compares current main article and non-plan results supplement/workbook. The point estimate and named model match, while both printed interval endpoints differ.",,,2025/jama.2024.27643/.ai_paper_validation/final_report_1_5_3.md,147,[]
2025::jama.2024.27643::C005,2025,jama.2024.27643,C005,Bayesian mortality event rates differ between article text and cited eTable 2,Cross-document numeric inconsistency,S_C,"[""S_C""]",recorded_candidate,,False,True,True,False,Target explicitly compares current main article and non-plan results supplement/workbook. Each matched group has a different three-decimal displayed mortality event rate.,,,2025/jama.2024.27643/.ai_paper_validation/final_report_1_5_3.md,182,[]
2025::jama.2024.27643::C006,2025,jama.2024.27643,C006,"Plasma NfL confidence intervals differ across Figure 3, narrative, and eTable 3B",Cross-document numeric inconsistency,S_C,"[""S_C"", ""S_W""]",recorded_candidate,,False,True,True,False,Target explicitly compares current main article and non-plan results supplement/workbook. The matched point estimate and P value are repeated with different printed interval endpoints.,Both article-internal Figure/narrative and article/results-supp interval differences are explicitly targeted.,,2025/jama.2024.27643/.ai_paper_validation/final_report_1_5_3.md,217,[]
2025::jama.2024.27643::C007,2025,jama.2024.27643,C007,Serum NfL regimen-only values and contrast differ across displays,Cross-document numeric inconsistency,S_C,"[""S_C""]",recorded_candidate,,False,True,True,False,"Target explicitly compares current main article and non-plan results supplement/workbook. The active change and P value agree, but placebo changes differ by 4.0 percentage points, treatment contrasts differ by 3.2 points, and both interval endpoints differ.",,,2025/jama.2024.27643/.ai_paper_validation/final_report_1_5_3.md,252,[]
2025::jama.2024.27643::C008,2025,jama.2024.27643,C008,Discussion total of 13 events conflicts with the 14 events displayed in Table 2,"Denominator, proportion, or total inconsistency",S_W,"[""S_W""]",recorded_candidate,,False,True,False,False,"Target is within one main article or one non-plan results supplement/workbook; no substantive plan comparison. Table 2's two printed numerators total 14, while the Discussion prints 13.",,,2025/jama.2024.27643/.ai_paper_validation/final_report_1_5_3.md,287,[]
2025::jama.2025.11178::C001,2025,jama.2025.11178,C001,Conditional Figure 1 further-ineligibility component subtotal gap,Numeric or arithmetic inconsistency,S_W,"[""S_W""]",recorded_candidate,,False,True,False,False,"Target is within one main article or one non-plan results supplement/workbook; no substantive plan comparison. If the displayed six reasons exhaust the “one or more of” subtotal, their sum must be at least its union: `411+273+189+121+95+34=1123`, 120 below 1243.",,,2025/jama.2025.11178/.ai_paper_validation/final_report_1_5_1.md,67,[]
2025::jama.2025.11178::C002,2025,jama.2025.11178,C002,Overall eTable 1 follow-up-pattern partition,"Denominator, proportion, or total inconsistency",S_W,"[""S_W""]",recorded_candidate,,False,True,False,False,"Target is within one main article or one non-plan results supplement/workbook; no substantive plan comparison. Mutually exclusive follow-up patterns should partition the total: `188+283+1568=2039`, not 2036 (difference 3; integer tolerance 0).",,,2025/jama.2025.11178/.ai_paper_validation/final_report_1_5_1.md,100,[]
2025::jama.2025.11178::C003,2025,jama.2025.11178,C003,painTRAINER eTable 1 follow-up-pattern partition,"Denominator, proportion, or total inconsistency",S_W,"[""S_W""]",recorded_candidate,,False,True,False,False,"Target is within one main article or one non-plan results supplement/workbook; no substantive plan comparison. `77+103+464=644`, one above 643 (integer tolerance 0).",,,2025/jama.2025.11178/.ai_paper_validation/final_report_1_5_1.md,133,[]
2025::jama.2025.11178::C004,2025,jama.2025.11178,C004,Health Coach eTable 1 follow-up-pattern partition,"Denominator, proportion, or total inconsistency",S_W,"[""S_W""]",recorded_candidate,,False,True,False,False,"Target is within one main article or one non-plan results supplement/workbook; no substantive plan comparison. `47+81+564=692`, two above 690 (integer tolerance 0).",,,2025/jama.2025.11178/.ai_paper_validation/final_report_1_5_1.md,166,[]
2025::jama.2025.11178::C005,2025,jama.2025.11178,C005,Workbook current-depression percentage incompatible with its count,"Denominator, proportion, or total inconsistency",S_W,"[""S_W""]",recorded_candidate,,False,True,False,False,"Target is within one main article or one non-plan results supplement/workbook; no substantive plan comparison. Missing-excluded denominator is `1566`; `711/1566=45.4%`, not 73.2% (and `711/1568=45.3%`).",,,2025/jama.2025.11178/.ai_paper_validation/final_report_1_5_1.md,199,[]
2025::jama.2025.11178::C006,2025,jama.2025.11178,C006,Workbook social-role cutoff labeled as mean (SD),"Measure, label, or scale inconsistency",S_W,"[""S_W""]",recorded_candidate,,False,True,False,False,Target is within one main article or one non-plan results supplement/workbook; no substantive plan comparison. Entries are count/percentages: `525/(1568-31)=34.2%`; they are not mean/SD values.,,,2025/jama.2025.11178/.ai_paper_validation/final_report_1_5_1.md,232,[]
2025::jama.2025.11178::C007,2025,jama.2025.11178,C007,Workbook physical-function cutoff labeled as mean (SD),"Measure, label, or scale inconsistency",S_W,"[""S_W""]",recorded_candidate,,False,True,False,False,"Target is within one main article or one non-plan results supplement/workbook; no substantive plan comparison. `1143/(1568-14)=73.6%`; displayed cells are N(%), not mean(SD).",,,2025/jama.2025.11178/.ai_paper_validation/final_report_1_5_1.md,265,[]
2025::jama.2025.11178::C008,2025,jama.2025.11178,C008,Pain-severity 12-month painTRAINER SMD outside printed CI,Statistical reporting inconsistency,S_W,"[""S_W""]",recorded_candidate,,False,True,False,False,Target is within one main article or one non-plan results supplement/workbook; no substantive plan comparison. Point estimate must lie within its interval; `-0.25 < -0.24`.,,,2025/jama.2025.11178/.ai_paper_validation/final_report_1_5_1.md,298,[]
2025::jama.2025.11178::C009,2025,jama.2025.11178,C009,Pain-severity 12-month Health Coach SMD outside printed CI,Statistical reporting inconsistency,S_W,"[""S_W""]",recorded_candidate,,False,True,False,False,"Target is within one main article or one non-plan results supplement/workbook; no substantive plan comparison. `-0.36 < -0.35`, so estimate is outside CI.",,,2025/jama.2025.11178/.ai_paper_validation/final_report_1_5_1.md,331,[]
2025::jama.2025.11178::C010,2025,jama.2025.11178,C010,Pain-intensity 12-month Health Coach SMD outside printed CI,Statistical reporting inconsistency,S_W,"[""S_W""]",recorded_candidate,,False,True,False,False,"Target is within one main article or one non-plan results supplement/workbook; no substantive plan comparison. `-0.27 < -0.26`, outside CI.",,,2025/jama.2025.11178/.ai_paper_validation/final_report_1_5_1.md,365,[]
2025::jama.2025.11178::C011,2025,jama.2025.11178,C011,Pain-interference 12-month painTRAINER SMD outside printed CI,Statistical reporting inconsistency,S_W,"[""S_W""]",recorded_candidate,,False,True,False,False,"Target is within one main article or one non-plan results supplement/workbook; no substantive plan comparison. `-0.26 < -0.25`, outside CI.",,,2025/jama.2025.11178/.ai_paper_validation/final_report_1_5_1.md,398,[]
2025::jama.2025.11178::C012,2025,jama.2025.11178,C012,Pain-interference 12-month Health Coach SMD outside printed CI,Statistical reporting inconsistency,S_W,"[""S_W""]",recorded_candidate,,False,True,False,False,"Target is within one main article or one non-plan results supplement/workbook; no substantive plan comparison. `-0.37 < -0.36`, outside CI.",,,2025/jama.2025.11178/.ai_paper_validation/final_report_1_5_1.md,431,[]
2025::jama.2025.11178::C013,2025,jama.2025.11178,C013,Social-role 3-month painTRAINER SMD endpoints reversed,Statistical reporting inconsistency,S_W,"[""S_W""]",recorded_candidate,,False,True,False,False,Target is within one main article or one non-plan results supplement/workbook; no substantive plan comparison. Interval endpoints must be low-to-high; `0.23 > 0.11`.,,,2025/jama.2025.11178/.ai_paper_validation/final_report_1_5_1.md,464,[]
2025::jama.2025.11178::C014,2025,jama.2025.11178,C014,Social-role 3-month Health Coach SMD endpoints reversed,Statistical reporting inconsistency,S_W,"[""S_W""]",recorded_candidate,,False,True,False,False,Target is within one main article or one non-plan results supplement/workbook; no substantive plan comparison. `0.12 > -0.00`; endpoints are reversed.,,,2025/jama.2025.11178/.ai_paper_validation/final_report_1_5_1.md,497,[]
2025::jama.2025.11178::C015,2025,jama.2025.11178,C015,Social-role 3-month Health Coach versus painTRAINER SMD endpoints reversed,Statistical reporting inconsistency,S_W,"[""S_W""]",recorded_candidate,,False,True,False,False,Target is within one main article or one non-plan results supplement/workbook; no substantive plan comparison. `0.29 > 0.19`; endpoints are reversed.,,,2025/jama.2025.11178/.ai_paper_validation/final_report_1_5_1.md,530,[]
2025::jama.2025.11178::C016,2025,jama.2025.11178,C016,Social-role 6-month painTRAINER SMD endpoints reversed,Statistical reporting inconsistency,S_W,"[""S_W""]",recorded_candidate,,False,True,False,False,Target is within one main article or one non-plan results supplement/workbook; no substantive plan comparison. `0.23 > 0.05`; endpoints are reversed.,,,2025/jama.2025.11178/.ai_paper_validation/final_report_1_5_1.md,563,[]
2025::jama.2025.11178::C017,2025,jama.2025.11178,C017,Social-role 6-month Health Coach SMD endpoints reversed,Statistical reporting inconsistency,S_W,"[""S_W""]",recorded_candidate,,False,True,False,False,Target is within one main article or one non-plan results supplement/workbook; no substantive plan comparison. `0.11 > -0.06`; endpoints are reversed.,,,2025/jama.2025.11178/.ai_paper_validation/final_report_1_5_1.md,596,[]
2025::jama.2025.11178::C018,2025,jama.2025.11178,C018,Social-role 6-month Health Coach versus painTRAINER SMD endpoints reversed,Statistical reporting inconsistency,S_W,"[""S_W""]",recorded_candidate,,False,True,False,False,Target is within one main article or one non-plan results supplement/workbook; no substantive plan comparison. `0.30 > 0.15`; endpoints are reversed.,,,2025/jama.2025.11178/.ai_paper_validation/final_report_1_5_1.md,629,[]
2025::jama.2025.11178::C019,2025,jama.2025.11178,C019,Social-role 12-month painTRAINER SMD endpoints reversed,Statistical reporting inconsistency,S_W,"[""S_W""]",recorded_candidate,,False,True,False,False,Target is within one main article or one non-plan results supplement/workbook; no substantive plan comparison. `0.21 > 0.01`; endpoints are reversed.,,,2025/jama.2025.11178/.ai_paper_validation/final_report_1_5_1.md,663,[]
2025::jama.2025.11178::C020,2025,jama.2025.11178,C020,Social-role 12-month Health Coach SMD endpoints reversed,Statistical reporting inconsistency,S_W,"[""S_W""]",recorded_candidate,,False,True,False,False,Target is within one main article or one non-plan results supplement/workbook; no substantive plan comparison. `0.09 > -0.10`; endpoints are reversed.,,,2025/jama.2025.11178/.ai_paper_validation/final_report_1_5_1.md,696,[]
2025::jama.2025.11178::C021,2025,jama.2025.11178,C021,Social-role 12-month Health Coach versus painTRAINER SMD endpoints reversed,Statistical reporting inconsistency,S_W,"[""S_W""]",recorded_candidate,,False,True,False,False,Target is within one main article or one non-plan results supplement/workbook; no substantive plan comparison. `0.28 > 0.12`; endpoints are reversed.,,,2025/jama.2025.11178/.ai_paper_validation/final_report_1_5_1.md,729,[]
2025::jama.2025.11178::C022,2025,jama.2025.11178,C022,Physical-function 3-month painTRAINER SMD endpoints reversed,Statistical reporting inconsistency,S_W,"[""S_W""]",recorded_candidate,,False,True,False,False,Target is within one main article or one non-plan results supplement/workbook; no substantive plan comparison. `0.16 > 0.07`; endpoints are reversed.,,,2025/jama.2025.11178/.ai_paper_validation/final_report_1_5_1.md,762,[]
2025::jama.2025.11178::C023,2025,jama.2025.11178,C023,Physical-function 3-month Health Coach SMD endpoints reversed,Statistical reporting inconsistency,S_W,"[""S_W""]",recorded_candidate,,False,True,False,False,Target is within one main article or one non-plan results supplement/workbook; no substantive plan comparison. `0.05 > -0.04`; endpoints are reversed.,,,2025/jama.2025.11178/.ai_paper_validation/final_report_1_5_1.md,795,[]
2025::jama.2025.11178::C024,2025,jama.2025.11178,C024,Physical-function 3-month Health Coach versus painTRAINER SMD endpoints reversed,Statistical reporting inconsistency,S_W,"[""S_W""]",recorded_candidate,,False,True,False,False,Target is within one main article or one non-plan results supplement/workbook; no substantive plan comparison. `0.22 > 0.15`; endpoints are reversed.,,,2025/jama.2025.11178/.ai_paper_validation/final_report_1_5_1.md,828,[]
2025::jama.2025.11178::C025,2025,jama.2025.11178,C025,Physical-function 6-month painTRAINER SMD endpoints reversed and exclude estimate,Statistical reporting inconsistency,S_W,"[""S_W""]",recorded_candidate,,False,True,False,False,"Target is within one main article or one non-plan results supplement/workbook; no substantive plan comparison. `0.09 > -0.06`; sorting endpoints still gives `[-0.06,0.09]`, which excludes 0.15.",,,2025/jama.2025.11178/.ai_paper_validation/final_report_1_5_1.md,861,[]
2025::jama.2025.11178::C026,2025,jama.2025.11178,C026,Physical-function 6-month Health Coach SMD endpoints reversed,Statistical reporting inconsistency,S_W,"[""S_W""]",recorded_candidate,,False,True,False,False,Target is within one main article or one non-plan results supplement/workbook; no substantive plan comparison. `0.03 > -0.18`; endpoints are reversed.,,,2025/jama.2025.11178/.ai_paper_validation/final_report_1_5_1.md,894,[]
2025::jama.2025.11178::C027,2025,jama.2025.11178,C027,Physical-function 6-month Health Coach versus painTRAINER SMD endpoints reversed and exclude estimate,Statistical reporting inconsistency,S_W,"[""S_W""]",recorded_candidate,,False,True,False,False,"Target is within one main article or one non-plan results supplement/workbook; no substantive plan comparison. `0.16 > 0.05`; sorted interval `[0.05,0.16]` excludes 0.22.",,,2025/jama.2025.11178/.ai_paper_validation/final_report_1_5_1.md,927,[]
2025::jama.2025.11178::C028,2025,jama.2025.11178,C028,Physical-function 12-month painTRAINER SMD endpoints reversed and exclude estimate,Statistical reporting inconsistency,S_W,"[""S_W""]",recorded_candidate,,False,True,False,False,"Target is within one main article or one non-plan results supplement/workbook; no substantive plan comparison. `0.18 > -0.03`; sorted interval `[-0.03,0.18]` excludes 0.20.",,,2025/jama.2025.11178/.ai_paper_validation/final_report_1_5_1.md,961,[]
2025::jama.2025.11178::C029,2025,jama.2025.11178,C029,Physical-function 12-month Health Coach SMD endpoints reversed and exclude estimate,Statistical reporting inconsistency,S_W,"[""S_W""]",recorded_candidate,,False,True,False,False,"Target is within one main article or one non-plan results supplement/workbook; no substantive plan comparison. `0.04 > -0.16`; sorted interval `[-0.16,0.04]` excludes 0.07.",,,2025/jama.2025.11178/.ai_paper_validation/final_report_1_5_1.md,994,[]
2025::jama.2025.11178::C030,2025,jama.2025.11178,C030,Physical-function 12-month Health Coach versus painTRAINER SMD endpoints reversed and exclude estimate,Statistical reporting inconsistency,S_W,"[""S_W""]",recorded_candidate,,False,True,False,False,"Target is within one main article or one non-plan results supplement/workbook; no substantive plan comparison. `0.25 > 0.09`; sorted interval `[0.09,0.25]` excludes 0.27.",,,2025/jama.2025.11178/.ai_paper_validation/final_report_1_5_1.md,1027,[]
2025::jama.2025.11178::C031,2025,jama.2025.11178,C031,PGIC-pain 12-month painTRAINER SMD outside printed CI,Statistical reporting inconsistency,S_W,"[""S_W""]",recorded_candidate,,False,True,False,False,"Target is within one main article or one non-plan results supplement/workbook; no substantive plan comparison. `-0.55 < -0.50`, outside CI.",,,2025/jama.2025.11178/.ai_paper_validation/final_report_1_5_1.md,1060,[]
2025::jama.2025.11178::C032,2025,jama.2025.11178,C032,PGIC-pain 12-month Health Coach SMD outside printed CI,Statistical reporting inconsistency,S_W,"[""S_W""]",recorded_candidate,,False,True,False,False,"Target is within one main article or one non-plan results supplement/workbook; no substantive plan comparison. `-0.57 < -0.54`, outside CI.",,,2025/jama.2025.11178/.ai_paper_validation/final_report_1_5_1.md,1093,[]
2025::jama.2025.11178::C033,2025,jama.2025.11178,C033,PGIC-pain 12-month Health Coach versus painTRAINER SMD outside printed CI,Statistical reporting inconsistency,S_W,"[""S_W""]",recorded_candidate,,False,True,False,False,"Target is within one main article or one non-plan results supplement/workbook; no substantive plan comparison. `-0.29 < -0.25`, outside CI.",,,2025/jama.2025.11178/.ai_paper_validation/final_report_1_5_1.md,1126,[]
2025::jama.2025.11178::C034,2025,jama.2025.11178,C034,Female total differs across sources if the printed derivations are intended to match,Cross-document numeric inconsistency,S_C,"[""S_C""]",recorded_candidate,,False,True,True,False,"Target explicitly compares current main article and non-plan results supplement/workbook. If Table 1 and the workbook intend the same sex variable for the same N=2331 cohort, their counts should agree: `571+572+569=1712`, not workbook 1713. `1712/2331=73.444873...%`, which rounds to 73.4% at one decimal; `1713/2331=73.487773...%`, which rounds to 73.5%.",Source explicitly distinguishes self-report with EHR fallback from EHR-only sex derivation; equality is conditional.,,2025/jama.2025.11178/.ai_paper_validation/final_report_1_5_1.md,1159,"[""2025/jama.2025.11178/.ai_paper_validation/review_1_5_1/verification/evidence_recheck.md""]"
2025::jama.2025.11178::C035,2025,jama.2025.11178,C035,Narrative current-depression percentage differs from Table 1/workbook record,Cross-document numeric inconsistency,S_C,"[""S_C"", ""S_W""]",recorded_candidate,,False,True,True,False,"Target explicitly compares current main article and non-plan results supplement/workbook. Same PHQ-8 >=10 baseline definition; `1116/(775+777+777)=1116/2329=47.9176%`, or 47.9% to one decimal, not 47.8%.","Main arithmetic and main/workbook repeated percentage both directly targeted. Distinct from C005, which concerns All Observed subgroup workbook cell, not Overall narrative.",,2025/jama.2025.11178/.ai_paper_validation/final_report_1_5_1.md,1192,"[""2025/jama.2025.11178/.ai_paper_validation/review_1_5_1/verification/evidence_recheck.md""]"
2025::jama.2025.11178::C036,2025,jama.2025.11178,C036,painTRAINER 3-month pain-severity SMD differs between narrative and Table 3,Cross-document numeric inconsistency,S_W,"[""S_W""]",recorded_candidate,,False,True,False,False,"Target is within one main article or one non-plan results supplement/workbook; no substantive plan comparison. Same adjusted outcome/time/contrast/effect measure, explicitly cross-referenced; `-0.26 != -0.25`, displayed difference 0.01.",,,2025/jama.2025.11178/.ai_paper_validation/final_report_1_5_1.md,1225,[]
2025::jama.2025.11178::C037,2025,jama.2025.11178,C037,Health Coach 3-month pain-severity SMD differs between narrative and Table 3,Cross-document numeric inconsistency,S_W,"[""S_W""]",recorded_candidate,,False,True,False,False,"Target is within one main article or one non-plan results supplement/workbook; no substantive plan comparison. Same adjusted outcome/time/contrast/effect measure; `-0.36 != -0.34`, displayed difference 0.02.",,,2025/jama.2025.11178/.ai_paper_validation/final_report_1_5_1.md,1258,[]
2025::jama.2025.15185::C001,2025,jama.2025.15185,C001,Baseline index-stroke type counts differ across baseline tables,Cross-document numeric inconsistency,S_C,"[""S_C""]",recorded_candidate,,False,True,True,False,Target explicitly compares current main article and non-plan results supplement/workbook. Main `260/47` versus supplement `263/44` for the same named arm and categories.,,,2025/jama.2025.15185/.ai_paper_validation/final_report_1_5_1.md,42,[]
2025::jama.2025.15185::C002,2025,jama.2025.15185,C002,Baseline NIHSS statistic and label do not reconcile across tables,"Measure, label, or scale inconsistency",S_C,"[""S_C"", ""S_W""]",recorded_candidate,,False,True,True,False,Target explicitly compares current main article and non-plan results supplement/workbook. A labelled median/IQR row with two-endpoint main summaries versus one decimal and one parenthesized value in the supplement.,Internal median/IQR label-form issue and explicit matched main/supp summary comparison.,,2025/jama.2025.15185/.ai_paper_validation/final_report_1_5_1.md,75,[]
2025::jama.2025.15185::C003,2025,jama.2025.15185,C003,Time from stroke onset to randomization differs across baseline tables,Cross-document numeric inconsistency,S_C,"[""S_C""]",recorded_candidate,,False,True,True,False,Target explicitly compares current main article and non-plan results supplement/workbook. Main arm medians `3.0/3.0` versus supplement `8/7` for the same named variable.,Results-supp unit omitted; day comparison is conditional.,,2025/jama.2025.15185/.ai_paper_validation/final_report_1_5_1.md,108,[]
2025::jama.2025.15185::C004,2025,jama.2025.15185,C004,Estimand 4 confidence-interval upper endpoint differs within eTable 2,Statistical reporting inconsistency,S_W,"[""S_W""]",recorded_candidate,,False,True,False,False,Target is within one main article or one non-plan results supplement/workbook; no substantive plan comparison. Identical point estimate/lower endpoint with upper endpoint `1.25` versus `1.26`.,,,2025/jama.2025.15185/.ai_paper_validation/final_report_1_5_1.md,141,[]
2025::jama.2025.15185::C005,2025,jama.2025.15185,C005,Levodopa PROMIS-29 descriptive mean differs between main text and eTable 4,Cross-document numeric inconsistency,S_C,"[""S_C""]",recorded_candidate,,False,True,True,False,Target explicitly compares current main article and non-plan results supplement/workbook. Main levodopa `66 (14)` versus detailed `64.74 (14.33)`.,,,2025/jama.2025.15185/.ai_paper_validation/final_report_1_5_1.md,174,[]
2025::jama.2025.15185::C006,2025,jama.2025.15185,C006,PROMIS-10 descriptive means differ between main text and eTable 4,Cross-document numeric inconsistency,S_C,"[""S_C""]",recorded_candidate,,False,True,True,False,Target explicitly compares current main article and non-plan results supplement/workbook. Main `28 (6)`/`28 (6)` versus eTable `29.87 (5.74)`/`30.04 (5.73)`.,,,2025/jama.2025.15185/.ai_paper_validation/final_report_1_5_1.md,207,[]
2025::jama.2025.15185::C007,2025,jama.2025.15185,C007,Placebo five-week FMA standard deviation differs from eTable 4,Cross-document numeric inconsistency,S_C,"[""S_C""]",recorded_candidate,,False,True,True,False,Target explicitly compares current main article and non-plan results supplement/workbook. Placebo SD `26` versus detailed `25.20`.,,,2025/jama.2025.15185/.ai_paper_validation/final_report_1_5_1.md,240,[]
2025::jama.2025.15185::C008,2025,jama.2025.15185,C008,Placebo PRAI no-improvement numerator differs between main text and eTable 4,Cross-document numeric inconsistency,S_C,"[""S_C""]",recorded_candidate,,False,True,True,False,Target explicitly compares current main article and non-plan results supplement/workbook. Same placebo denominator `270` with numerator `52` versus `51`.,,,2025/jama.2025.15185/.ai_paper_validation/final_report_1_5_1.md,273,[]
2025::jama.2025.15185::C009,2025,jama.2025.15185,C009,eTable 6 overall adverse-event total is one below arms and category sums,"Denominator, proportion, or total inconsistency",S_W,"[""S_W""]",recorded_candidate,,False,True,False,False,Target is within one main article or one non-plan results supplement/workbook; no substantive plan comparison. Header `145` versus arms and category sums `146`.,Internal eTable total versus its own arm/category sums is target; main 146 merely corroborates arithmetic.,,2025/jama.2025.15185/.ai_paper_validation/final_report_1_5_1.md,306,"[""2025/jama.2025.15185/.ai_paper_validation/review_1_5_1/verification/evidence_recheck.md""]"
2025::jama.2025.15185::C010,2025,jama.2025.15185,C010,eFigure 4 switches locally from FMA to FMMA without qualification,"Measure, label, or scale inconsistency",S_W,"[""S_W""]",recorded_candidate,,False,True,False,False,"Target is within one main article or one non-plan results supplement/workbook; no substantive plan comparison. Within the same figure, `FMA` versus `FMMA` for the stated assessment.","SAP defines FMMA, supporting synonym interpretation. It is a local figure abbreviation switch, not report-versus-SAP discrepancy.",,2025/jama.2025.15185/.ai_paper_validation/final_report_1_5_1.md,339,"[""2025/jama.2025.15185/.ai_paper_validation/review_1_5_1/verification/evidence_recheck.md""]"
2025::jama.2025.15185::C011,2025,jama.2025.15185,C011,Estimand 4 win ratio appears under an FMA mean-difference column heading,"Measure, label, or scale inconsistency",S_W,"[""S_W""]",recorded_candidate,,False,True,False,False,Target is within one main article or one non-plan results supplement/workbook; no substantive plan comparison. A dimensionless win ratio row versus an FMA-point mean-difference heading.,,,2025/jama.2025.15185/.ai_paper_validation/final_report_1_5_1.md,372,[]
2025::jama.2025.15185::C012,2025,jama.2025.15185,C012,Estimand 4 is called an odds ratio in prose and a win ratio in the table,"Measure, label, or scale inconsistency",S_W,"[""S_W""]",recorded_candidate,,False,True,False,False,Target is within one main article or one non-plan results supplement/workbook; no substantive plan comparison. `Odds ratio` in prose versus `win ratio` in the matched table row.,,,2025/jama.2025.15185/.ai_paper_validation/final_report_1_5_1.md,405,[]
2025::jama.2025.15440::C001,2025,jama.2025.15440,C001,Conflicting confidence intervals for the matched any-stroke rate ratio,Cross-document numeric inconsistency,S_W,"[""S_W""]",recorded_candidate,,False,True,False,False,"Target is within one main article or one non-plan results supplement/workbook; no substantive plan comparison. Abstract CI 0.76-1.53 versus detailed-results/Figure 4B CI 0.77-1.51 for the same displayed counts, follow-up context, and point estimate.",,,2025/jama.2025.15440/.ai_paper_validation/final_report_1_5_1.md,48,[]
2025::jama.2025.15440::C002,2025,jama.2025.15440,C002,Stroke subtype counts do not partition the displayed any-stroke count in the patch group,Numeric or arithmetic inconsistency,S_W,"[""S_W""]",recorded_candidate,,False,True,False,False,"Target is within one main article or one non-plan results supplement/workbook; no substantive plan comparison. If subtype rows are mutually exclusive participant-level components counted under the same rule, patch subtypes total 72 versus `Any stroke` 69, while usual-care subtypes total 64 versus `Any stroke` 64.",,,2025/jama.2025.15440/.ai_paper_validation/final_report_1_5_1.md,81,[]
2025::jama.2025.16450::C001,2025,jama.2025.16450,C001,eTable 4 expands RR as risk difference although the table reports relative risk,"Measure, label, or scale inconsistency",S_W,"[""S_W""]",recorded_candidate,,False,True,False,False,"Target is within one main article or one non-plan results supplement/workbook; no substantive plan comparison. The abbreviation says risk difference; the table header, model description, and estimates say or use relative risk.",,,2025/jama.2025.16450/.ai_paper_validation/final_report_1_5_1.md,40,"[""2025/jama.2025.16450/.ai_paper_validation/review_1_5_1/verification/evidence_recheck.md""]"
2025::jama.2025.16450::C002,2025,jama.2025.16450,C002,Registered eligibility-bound discrepancy is not reproduced on direct-source recheck,Analysis-unit or population inconsistency,P_R,"[""P_R""]",not_reproduced,population_recruitment_sites,True,False,True,False,Target compares reported current-study content with supplied protocol/SAP specification. Earlier ledger transcription `27 6/7` versus direct-page `28 6/7` in DOC-002 and every comparator.,Final direct-source recheck explicitly does not reproduce registered mismatch; relationship denotes original registration only. ,,2025/jama.2025.16450/.ai_paper_validation/final_report_1_5_1.md,73,"[""2025/jama.2025.16450/.ai_paper_validation/review_1_5_1/verification/evidence_recheck.md""]"
2025::jama.2025.16450::C003,2025,jama.2025.16450,C003,Registered first-dose discrepancy is not reproduced on direct-source recheck,Cross-document numeric inconsistency,P_R,"[""P_R""]",not_reproduced,intervention_delivery,True,False,True,False,Target compares reported current-study content with supplied protocol/SAP specification. Earlier first-dose transcription `1.25 mL/kg` versus direct-source first-dose `2.5 mL/kg`.,Final direct-source recheck explicitly does not reproduce registered mismatch; relationship denotes original registration only. ,,2025/jama.2025.16450/.ai_paper_validation/final_report_1_5_1.md,106,"[""2025/jama.2025.16450/.ai_paper_validation/review_1_5_1/verification/evidence_recheck.md""]"
2025::jama.2025.16450::C004,2025,jama.2025.16450,C004,Severe-NDI GMFCS cutoff differs between the manual and SAP,"Measure, label, or scale inconsistency",P_O,"[""P_O""]",recorded_candidate,,True,False,False,False,"Target compares protocol/SAP against a separate prospective operational manual, not a published-results report. Manual threshold `{3,4,5}` versus SAP threshold `{4,5}`.","Manual of procedures is a distinct prospective operational document, not final results or protocol/SAP. Versioned definition change possible.",,2025/jama.2025.16450/.ai_paper_validation/final_report_1_5_1.md,139,"[""2025/jama.2025.16450/.ai_paper_validation/review_1_5_1/verification/evidence_recheck.md""]"
2025::jama.2025.16450::C005,2025,jama.2025.16450,C005,Registered severe-NDI instrument-edition discrepancy is not reproduced on direct-source recheck,"Measure, label, or scale inconsistency",P_O,"[""P_O""]",not_reproduced,,True,False,False,False,"Target compares protocol/SAP against a separate prospective operational manual, not a published-results report. Earlier ledger Bayley-III transcription versus direct-source fourth-edition/BSID-IV wording.",Final direct-source recheck explicitly does not reproduce registered mismatch; relationship denotes original registration only. ,,2025/jama.2025.16450/.ai_paper_validation/final_report_1_5_1.md,172,"[""2025/jama.2025.16450/.ai_paper_validation/review_1_5_1/verification/evidence_recheck.md""]"
2025::jama.2025.16450::C006,2025,jama.2025.16450,C006,Registered first-interim-alpha discrepancy is not reproduced on direct-source recheck,Statistical reporting inconsistency,P_P,"[""P_P""]",not_reproduced,,True,False,False,False,"Target is internal to protocol/SAP definitions, calculations, or plan versions; final results are not the conflicting comparator. Earlier protocol transcription `0.00015` versus direct protocol and SAP `0.000015`.",Final direct-source recheck explicitly does not reproduce registered mismatch; relationship denotes original registration only. ,,2025/jama.2025.16450/.ai_paper_validation/final_report_1_5_1.md,205,"[""2025/jama.2025.16450/.ai_paper_validation/review_1_5_1/verification/evidence_recheck.md""]"
2025::jama.2025.16450::C007,2025,jama.2025.16450,C007,Final primary-analysis alpha differs between the article and prospective documents,Cross-document numeric inconsistency,P_R,"[""P_R""]",recorded_candidate,analysis_specification,True,False,True,False,Target compares reported current-study content with supplied protocol/SAP specification. Executed article alpha `.049` versus prospective planned final alpha `.0440`.,Planned versus realized alpha-spending boundaries need not be equal; missing execution output.,,2025/jama.2025.16450/.ai_paper_validation/final_report_1_5_1.md,238,"[""2025/jama.2025.16450/.ai_paper_validation/review_1_5_1/verification/evidence_recheck.md""]"
2025::jama.2025.16450::C008,2025,jama.2025.16450,C008,Trial center count differs between final and prospective documents,Cross-document numeric inconsistency,P_R,"[""P_R""]",recorded_candidate,population_recruitment_sites,True,False,True,False,Target compares reported current-study content with supplied protocol/SAP specification. Completed-study count 17 versus planned count 15.,Planned 15 versus completed 17 centers may reflect activation/milestone differences.,,2025/jama.2025.16450/.ai_paper_validation/final_report_1_5_1.md,271,"[""2025/jama.2025.16450/.ai_paper_validation/review_1_5_1/verification/evidence_recheck.md""]"
2025::jama.2025.16450::C009,2025,jama.2025.16450,C009,Table 3 RR label conflicts with a stated common-OR approximation,"Measure, label, or scale inconsistency",S_W,"[""S_W""]",recorded_candidate,,False,True,False,False,Target is within one main article or one non-plan results supplement/workbook; no substantive plan comparison. RR row label versus common-OR approximation wording.,,,2025/jama.2025.16450/.ai_paper_validation/final_report_1_5_1.md,304,"[""2025/jama.2025.16450/.ai_paper_validation/review_1_5_1/verification/evidence_recheck.md""]"
2025::jama.2025.16450::C010,2025,jama.2025.16450,C010,eTable 3 relative-risk header conflicts with odds-ratio approximation footnote,"Measure, label, or scale inconsistency",S_W,"[""S_W""]",recorded_candidate,,False,True,False,False,Target is within one main article or one non-plan results supplement/workbook; no substantive plan comparison. Table-level RR header versus odds-ratio approximation footnote for superscript-b rows.,,,2025/jama.2025.16450/.ai_paper_validation/final_report_1_5_1.md,337,"[""2025/jama.2025.16450/.ai_paper_validation/review_1_5_1/verification/evidence_recheck.md""]"
2025::jama.2025.19563::C001,2025,jama.2025.19563,C001,Protocol and reported primary endpoint differ on the diabetes-range A1C failure condition,Cross-document numeric inconsistency,P_R,"[""P_R""]",recorded_candidate,endpoint_definition_window_hierarchy,True,False,True,False,"Target compares reported current-study content with supplied protocol/SAP specification. Protocol rule `A or B or C` versus reported/supplement rule `(A or B or C) and D`, where D means no diabetes-range A1C at the defined visits.",Supplement explicitly supplies global A1C failure rule. Fifteen diabetes-range participants are NOT fifteen proven changed classifications; component achievement and governing amendment missing.,,2025/jama.2025.19563/.ai_paper_validation/final_report_1_5_1.md,48,"[""2025/jama.2025.19563/.ai_paper_validation/review_1_5_1/verification/evidence_recheck.md""]"
2025::jama.2025.19563::C002,2025,jama.2025.19563,C002,312 listed 12-month A1C measurements versus 313 participants with A1C available,"Denominator, proportion, or total inconsistency",S_C,"[""S_C"", ""S_W""]",recorded_candidate,,False,True,True,False,Target explicitly compares current main article and non-plan results supplement/workbook. The follow-up device-method total versus the independently derived A1C-available/completer total in the same randomized arms and time point.,Listed methods may be nonexhaustive; Siemens device mentioned but unlisted. Both main/supp availability and supplement-internal method/missingness arithmetic compared.,,2025/jama.2025.19563/.ai_paper_validation/final_report_1_5_1.md,81,"[""2025/jama.2025.19563/.ai_paper_validation/review_1_5_1/verification/evidence_recheck.md""]"
2025::jama.2025.19563::C003,2025,jama.2025.19563,C003,Figure 3 labels BMI values in kg/m² as “weight”,"Measure, label, or scale inconsistency",S_W,"[""S_W""]",recorded_candidate,,False,True,False,False,Target is within one main article or one non-plan results supplement/workbook; no substantive plan comparison. Figure label/unit versus Table 1 measure label and exact arm-specific baseline values.,BMI versus weight is established by same main figure unit and main Table1; supplementary BMI usage corroborates only.,,2025/jama.2025.19563/.ai_paper_validation/final_report_1_5_1.md,114,[]
2025::jama.2025.19563::C004,2025,jama.2025.19563,C004,eTables 5-7 leave the comparator scope of a repeated age P value ambiguous,Cross-document numeric inconsistency,S_W,"[""S_W""]",recorded_candidate,,False,True,False,False,"Target is within one main article or one non-plan results supplement/workbook; no substantive plan comparison. Repeated P-value text versus the distinct displayed contrasts beneath which it appears. A treatment-arm attribution is supported by the matched main Table 1 `P = .01` at coarser precision, but is an inference rather than a direct eTable 3 observation.","Different comparisons within one results supplement; main age P=.01 corroborates possible global note, not another discrepancy.",,2025/jama.2025.19563/.ai_paper_validation/final_report_1_5_1.md,147,"[""2025/jama.2025.19563/.ai_paper_validation/review_1_5_1/verification/evidence_recheck.md""]"
2025::jama.2025.19563::C005,2025,jama.2025.19563,C005,eTable 7 pairs “no statistically significant” with p<0.05,Statistical reporting inconsistency,S_W,"[""S_W""]",recorded_candidate,,False,True,False,False,Target is within one main article or one non-plan results supplement/workbook; no substantive plan comparison. The no-significance sentence and its parenthetical inequality versus the same page's stated inequality convention.,,,2025/jama.2025.19563/.ai_paper_validation/final_report_1_5_1.md,180,[]
2025::jama.2025.19563::C006,2025,jama.2025.19563,C006,eTable 10b labels one comparison as both chi-squared and Wilcoxon rank-sum,Statistical reporting inconsistency,S_W,"[""S_W""]",recorded_candidate,,False,True,False,False,Target is within one main article or one non-plan results supplement/workbook; no substantive plan comparison. The named-test label for the same randomized-arm binary proportion comparison in two supplement locations.,,,2025/jama.2025.19563/.ai_paper_validation/final_report_1_5_1.md,213,[]
2025::jama.2025.19563::C007,2025,jama.2025.19563,C007,MICE pooled percentages and printed risk difference have incompatible signs,Statistical reporting inconsistency,S_W,"[""S_W""]",recorded_candidate,,False,True,False,False,Target is within one main article or one non-plan results supplement/workbook; no substantive plan comparison. The AI-minus-human risk-difference cell versus the direct subtraction of the displayed AI and human marginal percentages.,,,2025/jama.2025.19563/.ai_paper_validation/final_report_1_5_1.md,246,[]
2025::jama.2025.19843::C001,2025,jama.2025.19843,C001,Conflicting printed P values for matched day-60 mortality result,Cross-document numeric inconsistency,S_C,"[""S_C""]",recorded_candidate,,False,True,True,False,"Target explicitly compares current main article and non-plan results supplement/workbook. Reported prose P value: `.78` for the day-60 mortality result in DOC-001. Comparator: `.56`, expressly labelled `Log-rank`, for the matched day-60 mortality panel in DOC-004 eFigure 2. The matched counts, endpoint, time point, group labels, and treatment contrast align.","SAP log-rank statement supports interpretation; prose test is unnamed, so no demonstrated report-versus-plan method difference. Fixed-time versus survival tests can differ.",,2025/jama.2025.19843/.ai_paper_validation/final_report_1_5_1.md,60,"[""2025/jama.2025.19843/.ai_paper_validation/review_1_5_1/verification/evidence_recheck.md""]"
2025::jama.2025.20765::C001,2025,jama.2025.20765,C001,Adjusted self-reported abstinence interval endpoint printed as 42,Numeric or arithmetic inconsistency,S_W,"[""S_W""]",recorded_candidate,,False,True,False,False,Target is within one main article or one non-plan results supplement/workbook; no substantive plan comparison. Printed upper endpoint `42` versus the same-row estimate and companion interval context.,,,2025/jama.2025.20765/.ai_paper_validation/final_report_1_5_1.md,49,[]
2025::jama.2025.20765::C002,2025,jama.2025.20765,C002,Discussion labels the all-cause death percentage as TB deaths,Cross-document numeric inconsistency,S_C,"[""S_C""]",recorded_candidate,,False,True,True,False,Target explicitly compares current main article and non-plan results supplement/workbook. 4.8% labelled TB deaths versus 52/1080 all-cause deaths and 32/1080 TB-cause deaths.,"All-cause main total corroborates cause-label issue, while explicitly disaggregated TB deaths come from results supplement.",,2025/jama.2025.20765/.ai_paper_validation/final_report_1_5_1.md,84,[]
2025::jama.2025.20765::C003,2025,jama.2025.20765,C003,178-message total conflicts with its printed frequency schedule,Numeric or arithmetic inconsistency,P_P,"[""P_P""]",recorded_candidate,,True,False,False,False,"Target is internal to protocol/SAP definitions, calculations, or plan versions; final results are not the conflicting comparator. Printed total 178 versus the schedule's conservative minimum.",,,2025/jama.2025.20765/.ai_paper_validation/final_report_1_5_1.md,119,[]
2025::jama.2025.20765::C004,2025,jama.2025.20765,C004,"Repeated 2,384-participant plan names 44 and 48 facilities",Cross-document numeric inconsistency,P_P,"[""P_P""]",recorded_candidate,,True,False,False,False,"Target is internal to protocol/SAP definitions, calculations, or plan versions; final results are not the conflicting comparator. 44 versus 48 sites for the same printed plan.",,,2025/jama.2025.20765/.ai_paper_validation/final_report_1_5_1.md,154,[]
2025::jama.2025.20765::C005,2025,jama.2025.20765,C005,134-message total conflicts with its printed frequency schedule,Numeric or arithmetic inconsistency,P_P,"[""P_P""]",recorded_candidate,,True,False,False,False,"Target is internal to protocol/SAP definitions, calculations, or plan versions; final results are not the conflicting comparator. Printed total 134 versus schedule minimum.",,,2025/jama.2025.20765/.ai_paper_validation/final_report_1_5_1.md,189,[]
2025::jama.2025.20765::C006,2025,jama.2025.20765,C006,TAM sampling header conflicts with contemporaneous narrative and equations,"Measure, label, or scale inconsistency",P_P,"[""P_P""]",recorded_candidate,,True,False,False,False,"Target is internal to protocol/SAP definitions, calculations, or plan versions; final results are not the conflicting comparator. 30% header versus 20%/100% phase-specific calculation.",,,2025/jama.2025.20765/.ai_paper_validation/final_report_1_5_1.md,224,"[""2025/jama.2025.20765/.ai_paper_validation/review_1_5_1/verification/evidence_recheck.md""]"
2025::jama.2025.20765::C007,2025,jama.2025.20765,C007,"Later 2,716-participant plan gives 48 clinics versus a 63-site diagram",Cross-document numeric inconsistency,P_P,"[""P_P""]",recorded_candidate,,True,False,False,False,"Target is internal to protocol/SAP definitions, calculations, or plan versions; final results are not the conflicting comparator. Same plan total with 48/~50 versus 63/~43.",,,2025/jama.2025.20765/.ai_paper_validation/final_report_1_5_1.md,259,[]
2025::jama.2025.20765::C008,2025,jama.2025.20765,C008,Phase-4 design-effect equality does not reproduce from printed inputs,Numeric or arithmetic inconsistency,P_P,"[""P_P""]",recorded_candidate,,True,False,False,False,"Target is internal to protocol/SAP definitions, calculations, or plan versions; final results are not the conflicting comparator. Displayed `1036×1.56=1620` versus exact product and the separate site-target total.",,,2025/jama.2025.20765/.ai_paper_validation/final_report_1_5_1.md,294,[]
2025::jama.2025.20765::C009,2025,jama.2025.20765,C009,Phase-4 diagram is labelled Phase 3/Superiority,"Measure, label, or scale inconsistency",P_P,"[""P_P""]",recorded_candidate,,True,False,False,False,"Target is internal to protocol/SAP definitions, calculations, or plan versions; final results are not the conflicting comparator. Phase-3/Superiority label versus local Phase-4/noninferiority plan.",,,2025/jama.2025.20765/.ai_paper_validation/final_report_1_5_1.md,329,[]
2025::jama.2025.20765::C010,2025,jama.2025.20765,C010,"Phase-3 design-effect display gives undocumented 1,080 effective sample size",Statistical reporting inconsistency,P_P,"[""P_P""]",recorded_candidate,,True,False,False,False,"Target is internal to protocol/SAP definitions, calculations, or plan versions; final results are not the conflicting comparator. `704×1.50≈1080` and “effective sample size” versus exact multiplication and the independent `27×40=1080` cluster allocation.",,,2025/jama.2025.20765/.ai_paper_validation/final_report_1_5_1.md,364,[]
2025::jama.2025.20765::C011,2025,jama.2025.20765,C011,MPSS score range conflicts with stated item scale,"Measure, label, or scale inconsistency",P_P,"[""P_P""]",recorded_candidate,,True,False,False,False,"Target is internal to protocol/SAP definitions, calculations, or plan versions; final results are not the conflicting comparator. Printed 5-35 range versus the stated five-domain 5-point description.",,,2025/jama.2025.20765/.ai_paper_validation/final_report_1_5_1.md,399,[]
2025::jama.2025.20765::C012,2025,jama.2025.20765,C012,Site 2008 death count and percentage lack a compatible supplied denominator,Rate-versus-count inconsistency,S_W,"[""S_W""]",recorded_candidate,,False,True,False,False,Target is within one main article or one non-plan results supplement/workbook; no substantive plan comparison. 5 deaths (7.5%) versus matched same-site 40-person recruitment/ITT denominator.,,,2025/jama.2025.20765/.ai_paper_validation/final_report_1_5_1.md,434,[]
2025::jama.2025.20765::C013,2025,jama.2025.20765,C013,Protocol message dose changes from 178 to 134 without supplied reconciliation,Cross-document numeric inconsistency,P_R,"[""P_R"", ""P_P""]",recorded_candidate,intervention_delivery,True,False,True,False,Target compares reported current-study content with supplied protocol/SAP specification. 178 versus 134 for matched six-month intervention dose.,Explicit old-plan versus later-plan and reported 178/134 message total difference. Distinct from schedule arithmetic C003/C005; chronology unresolved.,,2025/jama.2025.20765/.ai_paper_validation/final_report_1_5_1.md,469,"[""2025/jama.2025.20765/.ai_paper_validation/review_1_5_1/verification/evidence_recheck.md""]"
2025::jama.2025.24175::C001,2025,jama.2025.24175,C001,Day-15 SOFA responder numerator differs between Table 2 and narrative,Cross-document numeric inconsistency,S_W,"[""S_W""]",recorded_candidate,,False,True,False,False,"Target is within one main article or one non-plan results supplement/workbook; no substantive plan comparison. 52/131 versus 51/131, with the same displayed 39.7% and placebo comparator.",,,2025/jama.2025.24175/.ai_paper_validation/final_report_1_5_1.md,48,"[""2025/jama.2025.24175/.ai_paper_validation/review_1_5_1/verification/evidence_recheck.md""]"
2025::jama.2025.24175::C002,2025,jama.2025.24175,C002,Protocol and report IFN-gamma dose comparison,"Measure, label, or scale inconsistency",P_R,"[""P_R""]",not_reproduced,intervention_delivery,True,False,True,False,"Target compares reported current-study content with supplied protocol/SAP specification. Directly printed 100 micrograms versus 100 micrograms, not the prior 100-versus-20 comparison.",Final direct-source recheck explicitly does not reproduce registered mismatch; relationship denotes original registration only. ,,2025/jama.2025.24175/.ai_paper_validation/final_report_1_5_1.md,81,"[""2025/jama.2025.24175/.ai_paper_validation/review_1_5_1/verification/evidence_recheck.md""]"
2025::jama.2025.24175::C003,2025,jama.2025.24175,C003,Primary responder cutoff comparison,"Measure, label, or scale inconsistency",P_R,"[""P_R""]",not_reproduced,endpoint_definition_window_hierarchy,True,False,True,False,"Target compares reported current-study content with supplied protocol/SAP specification. 1.4 versus 1.4 in matched supplied sources, not 1.5 versus 1.4.",Final direct-source recheck explicitly does not reproduce registered mismatch; relationship denotes original registration only. ,,2025/jama.2025.24175/.ai_paper_validation/final_report_1_5_1.md,114,"[""2025/jama.2025.24175/.ai_paper_validation/review_1_5_1/verification/evidence_recheck.md""]"
2025::jama.2025.24175::C004,2025,jama.2025.24175,C004,Immunoparalysis entry-classification threshold comparison,"Measure, label, or scale inconsistency",P_R,"[""P_R""]",not_reproduced,population_recruitment_sites,True,False,True,False,Target compares reported current-study content with supplied protocol/SAP specification. Entry threshold 5000 versus separately defined reversal threshold 8000.,Final direct-source recheck explicitly does not reproduce registered mismatch; relationship denotes original registration only. ,,2025/jama.2025.24175/.ai_paper_validation/final_report_1_5_1.md,147,"[""2025/jama.2025.24175/.ai_paper_validation/review_1_5_1/verification/evidence_recheck.md""]"
2025::jama.2025.24175::C005,2025,jama.2025.24175,C005,"Protocol sample-size, dropout, and total-target arithmetic","Denominator, proportion, or total inconsistency",P_P,"[""P_P""]",repaired_residual,,True,False,False,False,"Target is internal to protocol/SAP definitions, calculations, or plan versions; final results are not the conflicting comparator. Required analyzable total 234 versus planned randomization 280 under an approximate attrition statement.","Original 112 input not reproduced, repaired 117 input leaves only approximate attrition/rounding question. Retained as repaired_residual, not fully negated.",,2025/jama.2025.24175/.ai_paper_validation/final_report_1_5_1.md,180,"[""2025/jama.2025.24175/.ai_paper_validation/review_1_5_1/verification/evidence_recheck.md""]"
2025::jama.2025.24175::C006,2025,jama.2025.24175,C006,Historical-trial narrative and flow diagram death counts,Cross-document numeric inconsistency,P_B,"[""P_B""]",recorded_candidate,,True,False,False,False,"Target concerns historical/background results inside the protocol, not the current trial plan or submitted main/results supplement. Personalized arm 14 versus 11; placebo count 18 agrees.", Historical PROVIDE study results presented in protocol background; not current ImmunoSep observed results. Protocol footer and introduction directly inspected in stored page render.,,2025/jama.2025.24175/.ai_paper_validation/final_report_1_5_1.md,213,"[""2025/jama.2025.24175/.ai_paper_validation/review_1_5_1/verification/evidence_recheck.md"", ""2025/jama.2025.24175/.ai_paper_validation/review_1_5_1/extraction/support_quantitative_evidence.md"", ""2025/jama.2025.24175/.ai_paper_validation/review_1_5_1/parts/mapping/doc002_pp033_064.md"", ""2025/jama.2025.24175/.ai_paper_validation/review_1_5_1/preprocessing/DOC-002/pp033_064/low-36.png""]"
2025::jama.2025.24175::C007,2025,jama.2025.24175,C007,APACHE II Table 2 P value versus displayed t-test inputs,Statistical reporting inconsistency,P_B,"[""P_B""]",recorded_candidate,,True,False,False,False,"Target concerns historical/background results inside the protocol, not the current trial plan or submitted main/results supplement. Printed P=.376 versus diagnostics from the displayed group summaries and named test.", Historical PROVIDE study results presented in protocol background; not current ImmunoSep observed results. Protocol footer and introduction directly inspected in stored page render.,,2025/jama.2025.24175/.ai_paper_validation/final_report_1_5_1.md,246,"[""2025/jama.2025.24175/.ai_paper_validation/review_1_5_1/verification/evidence_recheck.md"", ""2025/jama.2025.24175/.ai_paper_validation/review_1_5_1/extraction/support_quantitative_evidence.md"", ""2025/jama.2025.24175/.ai_paper_validation/review_1_5_1/parts/mapping/doc002_pp033_064.md"", ""2025/jama.2025.24175/.ai_paper_validation/review_1_5_1/preprocessing/DOC-002/pp033_064/low-36.png""]"
2025::jama.2025.24175::C008,2025,jama.2025.24175,C008,Figure 1 septic-shock classification children exceed their parent total,"Denominator, proportion, or total inconsistency",P_B,"[""P_B""]",recorded_candidate,,True,False,False,False,"Target concerns historical/background results inside the protocol, not the current trial plan or submitted main/results supplement. Parent 177 versus displayed child total 178.", Historical PROVIDE study results presented in protocol background; not current ImmunoSep observed results. Protocol footer and introduction directly inspected in stored page render.,,2025/jama.2025.24175/.ai_paper_validation/final_report_1_5_1.md,279,"[""2025/jama.2025.24175/.ai_paper_validation/review_1_5_1/verification/evidence_recheck.md"", ""2025/jama.2025.24175/.ai_paper_validation/review_1_5_1/extraction/support_quantitative_evidence.md"", ""2025/jama.2025.24175/.ai_paper_validation/review_1_5_1/parts/mapping/doc002_pp033_064.md"", ""2025/jama.2025.24175/.ai_paper_validation/review_1_5_1/preprocessing/DOC-002/pp033_064/low-36.png""]"
2025::jama.2025.24175::C009,2025,jama.2025.24175,C009,"ImmunoSep study-site totals across report, protocol, and SAP",Cross-document numeric inconsistency,P_R,"[""P_R"", ""P_P""]",repaired_residual,population_recruitment_sites,True,False,True,False,"Target compares reported current-study content with supplied protocol/SAP specification. Repaired direct values 24, 31, and 33; prior 28 and report p.1 citation were not reproduced.","Original 28 corrected to24, but repaired 24/31/33 mismatch remains. Both plan internal and final-vs-plan contexts; milestone definitions missing.",,2025/jama.2025.24175/.ai_paper_validation/final_report_1_5_1.md,312,"[""2025/jama.2025.24175/.ai_paper_validation/review_1_5_1/verification/evidence_recheck.md""]"
2025::jama.2025.24175::C010,2025,jama.2025.24175,C010,Figure 2C relative-risk label versus displayed association,"Measure, label, or scale inconsistency",P_B,"[""P_B""]",recorded_candidate,,True,False,False,False,"Target concerns historical/background results inside the protocol, not the current trial plan or submitted main/results supplement. RR label/value 2.82 versus crude RR 1.61 and identical nearby HR 2.82.", Historical PROVIDE study results presented in protocol background; not current ImmunoSep observed results. Protocol footer and introduction directly inspected in stored page render.,,2025/jama.2025.24175/.ai_paper_validation/final_report_1_5_1.md,345,"[""2025/jama.2025.24175/.ai_paper_validation/review_1_5_1/verification/evidence_recheck.md"", ""2025/jama.2025.24175/.ai_paper_validation/review_1_5_1/extraction/support_quantitative_evidence.md"", ""2025/jama.2025.24175/.ai_paper_validation/review_1_5_1/parts/mapping/doc002_pp033_064.md"", ""2025/jama.2025.24175/.ai_paper_validation/review_1_5_1/preprocessing/DOC-002/pp033_064/low-36.png""]"
2025::jama.2025.24175::C011,2025,jama.2025.24175,C011,"eTable 10 SII day-15 OR versus counts, CI, and P value",Statistical reporting inconsistency,S_W,"[""S_W""]",recorded_candidate,,False,True,False,False,Target is within one main article or one non-plan results supplement/workbook; no substantive plan comparison. Printed 1.194 versus count-derived OR about 1.94 and CI log midpoint about 1.94.,,,2025/jama.2025.24175/.ai_paper_validation/final_report_1_5_1.md,378,"[""2025/jama.2025.24175/.ai_paper_validation/review_1_5_1/verification/evidence_recheck.md""]"
2025::jama.2025.24175::C012,2025,jama.2025.24175,C012,eFigure 8B repeats eFigure 7B interaction results under a different outcome caption,Cross-document numeric inconsistency,S_W,"[""S_W""]",recorded_candidate,,False,True,False,False,Target is within one main article or one non-plan results supplement/workbook; no substantive plan comparison. Complete six-row primary-endpoint output versus identical six-row 28-day-mortality output.,,,2025/jama.2025.24175/.ai_paper_validation/final_report_1_5_1.md,411,"[""2025/jama.2025.24175/.ai_paper_validation/review_1_5_1/verification/evidence_recheck.md""]"
2025::jama.2025.24175::C013,2025,jama.2025.24175,C013,eFigure 9B APACHE interaction point estimate outside its CI,Statistical reporting inconsistency,S_W,"[""S_W""]",recorded_candidate,,False,True,False,False,Target is within one main article or one non-plan results supplement/workbook; no substantive plan comparison. Point estimate 0.11 versus interval lower endpoint 0.36.,,,2025/jama.2025.24175/.ai_paper_validation/final_report_1_5_1.md,444,"[""2025/jama.2025.24175/.ai_paper_validation/review_1_5_1/verification/evidence_recheck.md""]"
2025::jama.2025.24175::C014,2025,jama.2025.24175,C014,Historical mortality-pair registration,Numeric or arithmetic inconsistency,P_B,"[""P_B""]",not_reproduced,,True,False,False,False,"Target concerns historical/background results inside the protocol, not the current trial plan or submitted main/results supplement. Unsupported assembled alleged pairs versus directly printed coherent p.41 mortality pairs.",Final direct-source recheck explicitly does not reproduce registered mismatch; relationship denotes original registration only.  Historical PROVIDE study results presented in protocol background; not current ImmunoSep observed results. Protocol footer and introduction directly inspected in stored page render.,,2025/jama.2025.24175/.ai_paper_validation/final_report_1_5_1.md,477,"[""2025/jama.2025.24175/.ai_paper_validation/review_1_5_1/verification/evidence_recheck.md"", ""2025/jama.2025.24175/.ai_paper_validation/review_1_5_1/extraction/support_quantitative_evidence.md"", ""2025/jama.2025.24175/.ai_paper_validation/review_1_5_1/parts/mapping/doc002_pp033_064.md"", ""2025/jama.2025.24175/.ai_paper_validation/review_1_5_1/preprocessing/DOC-002/pp033_064/low-36.png""]"
2025::jama.2025.4390::C001,2025,jama.2025.4390,C001,Figure 3 all-patient rate-column conflict with the matched primary-outcome rate,Cross-document numeric inconsistency,S_W,"[""S_W""]",recorded_candidate,,False,True,False,False,"Target is within one main article or one non-plan results supplement/workbook; no substantive plan comparison. Reported Figure 3 values: 71.0/71.0 under the printed rate header. Matched comparator: Table 2 2.30/2.44 per 100 patient-years, with abstract/narrative rounding to 2.3/2.4.",,,2025/jama.2025.4390/.ai_paper_validation/final_report_1_5_1.md,47,[]
2025::jama.2025.4390::C002,2025,jama.2025.4390,C002,Bedtime-diuretic six-month timing count triplets differ between eFigure 4 and eTable 6,Cross-document numeric inconsistency,S_W,"[""S_W""]",recorded_candidate,,False,True,False,False,"Target is within one main article or one non-plan results supplement/workbook; no substantive plan comparison. Reported figure triplet: 278/138/8. Matched table triplet: 277/139/8 of 424, with the stated percentages.",,,2025/jama.2025.4390/.ai_paper_validation/final_report_1_5_1.md,82,[]
2025::jama.2025.4390::C003,2025,jama.2025.4390,C003,eTable 5 Other ethnicity row duplicates White/Caucasian values and exceeds randomized Other totals,Numeric or arithmetic inconsistency,S_W,"[""S_W""]",recorded_candidate,,False,True,False,False,"Target is within one main article or one non-plan results supplement/workbook; no substantive plan comparison. Reported eTable 5 `Other` row: morning 40 (90.9%) and bedtime 53 (93.0%), identical to White/Caucasian. Matched parent-arm comparator: eTable 3 `Other` counts of 5 morning and 9 bedtime.",,,2025/jama.2025.4390/.ai_paper_validation/final_report_1_5_1.md,117,[]
2025::jama.2025.7583::C001,2025,jama.2025.7583,C001,Primary-endpoint midline-shift boundary differs across matched supplied sources,"Measure, label, or scale inconsistency",P_R,"[""P_R"", ""P_P""]",recorded_candidate,endpoint_definition_window_hierarchy,True,False,True,False,"Target compares reported current-study content with supplied protocol/SAP specification. The inclusive `>=5 mm` wording in the main article, protocol, and results supplement is compared with the SAP’s strict `>5 mm` wording.",Both protocol-versus-SAP and report-versus-SAP endpoint operator explicitly targeted. No case at exactly5 mm identified.,,2025/jama.2025.7583/.ai_paper_validation/final_report_1_5_1.md,37,"[""2025/jama.2025.7583/.ai_paper_validation/review_1_5_1/verification/evidence_recheck.md""]"
2025::jama.2025.7583::C002,2025,jama.2025.7583,C002,Printed sample-size attrition allowance does not reconcile with the printed target,Numeric or arithmetic inconsistency,P_P,"[""P_P""]",recorded_candidate,,True,False,False,False,"Target is internal to protocol/SAP definitions, calculations, or plan versions; final results are not the conflicting comparator. Printed enrollment is 171 per group/342 total. The comparator is the enrollment required to retain 142 per group after a stated 20% loss fraction.",Plan and article AGREE at342 and20%; arithmetic incompatibility is within protocol/SAP full input sequence. Article does not print142. Not report-versus-plan.,,2025/jama.2025.7583/.ai_paper_validation/final_report_1_5_1.md,70,"[""2025/jama.2025.7583/.ai_paper_validation/review_1_5_1/verification/evidence_recheck.md""]"
2025::jama.2025.7583::C003,2025,jama.2025.7583,C003,Standard-care surgery-type counts exceed their shared printed denominator,"Denominator, proportion, or total inconsistency",S_W,"[""S_W""]",recorded_candidate,,False,True,False,False,"Target is within one main article or one non-plan results supplement/workbook; no substantive plan comparison. The two printed numerators, 146 and 18, are compared with their repeated denominator, 163, under the table’s participant-framed `No./total No. (%)` presentation.",,,2025/jama.2025.7583/.ai_paper_validation/final_report_1_5_1.md,103,"[""2025/jama.2025.7583/.ai_paper_validation/review_1_5_1/verification/evidence_recheck.md""]"
2025::jama.2025.7710::C001,2025,jama.2025.7710,C001,Conflicting economic price-year labels within the protocol,"Measure, label, or scale inconsistency",P_P,"[""P_P""]",recorded_candidate,,True,False,False,False,"Target is internal to protocol/SAP definitions, calculations, or plan versions; final results are not the conflicting comparator. Reported: 2024/25 dollars (p. 16). Comparator: 2023/24 dollars (p. 17).",,,2025/jama.2025.7710/.ai_paper_validation/final_report_1_5_1.md,50,[]
2025::jama.2025.7710::C002,2025,jama.2025.7710,C002,Primary-composite counting rationale does not reconcile with the displayed endpoint list,"Measure, label, or scale inconsistency",P_P,"[""P_P""]",recorded_candidate,,True,False,False,False,"Target is internal to protocol/SAP definitions, calculations, or plan versions; final results are not the conflicting comparator. Reported list: ten displayed bullets. Comparator rationale: a total of ten attributed to expanding outcomes (i) and (viii).",,,2025/jama.2025.7710/.ai_paper_validation/final_report_1_5_1.md,85,[]
2025::jama.2025.7710::C003,2025,jama.2025.7710,C003,Economic comparator label conflicts with the detailed trial comparison,"Measure, label, or scale inconsistency",P_P,"[""P_P""]",recorded_candidate,,True,False,False,False,"Target is internal to protocol/SAP definitions, calculations, or plan versions; final results are not the conflicting comparator. Reported economic label: `CS vs standard care`. Comparator description: `SC` versus placebo/standard care.",,,2025/jama.2025.7710/.ai_paper_validation/final_report_1_5_1.md,120,[]
2025::jama.2025.7710::C004,2025,jama.2025.7710,C004,Reported no-adjustment statement conflicts with the supplied multiplicity plan,Statistical reporting inconsistency,P_R,"[""P_R""]",recorded_candidate,analysis_specification,True,False,True,False,Target compares reported current-study content with supplied protocol/SAP specification. Reported multiplicity treatment: no adjustment. Comparator planned treatment: adjusted P values for ten component comparisons.,SAP expressly Draft v1.2; final approved plan/amendment missing. No-adjustment versus planned BH remains candidate governance question.,,2025/jama.2025.7710/.ai_paper_validation/final_report_1_5_1.md,155,"[""2025/jama.2025.7710/.ai_paper_validation/review_1_5_1/verification/evidence_recheck.md""]"
2025::jama.2025.9110::C001,2025,jama.2025.9110,C001,Invasive-ventilation descriptive summary is labeled mean (SD) but displays two endpoints,"Measure, label, or scale inconsistency",S_W,"[""S_W""]",recorded_candidate,,False,True,False,False,Target is within one main article or one non-plan results supplement/workbook; no substantive plan comparison. The printed `mean (SD)` label is compared with the two-endpoint parenthetical displays and the supplementary median (IQR) presentation convention.,"Main label versus own two-endpoint displays; supplement is comparable convention, not identically matched discrepancy.",,2025/jama.2025.9110/.ai_paper_validation/final_report_1_5_1.md,59,[]
2025::jama.2025.9110::C002,2025,jama.2025.9110,C002,eTable 10 uses a comma in one one-decimal survival percentage,"Measure, label, or scale inconsistency",S_W,"[""S_W""]",recorded_candidate,,False,True,False,False,"Target is within one main article or one non-plan results supplement/workbook; no substantive plan comparison. `72, 3%` is compared with the row's point-decimal convention and its printed count/denominator.",,,2025/jama.2025.9110/.ai_paper_validation/final_report_1_5_1.md,92,[]
2025::jama.2025.9110::C003,2025,jama.2025.9110,C003,Bayesian quantile row is labeled mean (SD) despite its associated median estimand and two-endpoint group displays,"Measure, label, or scale inconsistency",S_W,"[""S_W""]",recorded_candidate,,False,True,False,False,"Target is within one main article or one non-plan results supplement/workbook; no substantive plan comparison. The Table 2 `mean (SD)` group-summary label is compared with its own median-difference effect label, the final Bayesian method description, and the two-bound group displays.",Main label versus own two endpoints and median-difference effect. Final supplementary methods corroborate median estimand.,,2025/jama.2025.9110/.ai_paper_validation/final_report_1_5_1.md,125,[]
2025::jama.2025.9110::C004,2025,jama.2025.9110,C004,Discussion describes the matched day-10 urea summaries as means while Results reports medians (IQR),Cross-document numeric inconsistency,S_W,"[""S_W""]",recorded_candidate,,False,True,False,False,"Target is within one main article or one non-plan results supplement/workbook; no substantive plan comparison. The Discussion's `mean` label is compared with the Results' matched analyte, day, groups, direction, unit, and `median (IQR)` description.",,,2025/jama.2025.9110/.ai_paper_validation/final_report_1_5_1.md,158,[]
2025::jama.2025.9110::C005,2025,jama.2025.9110,C005,eTable 10 tracheostomy row switches percent-sign notation across period cells,"Measure, label, or scale inconsistency",S_W,"[""S_W""]",recorded_candidate,,False,True,False,False,"Target is within one main article or one non-plan results supplement/workbook; no substantive plan comparison. All eight are percentage displays in one `[n (%)]` row, but the first four omit `%` and the last four include it.",,,2025/jama.2025.9110/.ai_paper_validation/final_report_1_5_1.md,191,[]
2025::jama.2025.9110::C006,2025,jama.2025.9110,C006,eTable 10 new-KRT row switches percent-sign notation across period cells,"Measure, label, or scale inconsistency",S_W,"[""S_W""]",recorded_candidate,,False,True,False,False,"Target is within one main article or one non-plan results supplement/workbook; no substantive plan comparison. All eight are percentage displays within one `[n (%)]` row, but `%` is absent from the first four and present in the final four.",,,2025/jama.2025.9110/.ai_paper_validation/final_report_1_5_1.md,224,[]
2025::jama.2025.9663::C001,2025,jama.2025.9663,C001,Extraneous pressure unit after the usual-group SpO2 summary,"Measure, label, or scale inconsistency",S_W,"[""S_W""]",recorded_candidate,,False,True,False,False,Target is within one main article or one non-plan results supplement/workbook; no substantive plan comparison. The reported DOC-001 usual-group first value has both a percent sign and a trailing pressure unit. The comparator labels the 95.1 (2.4) value as SpO2 on a percent scale and the 79.5 (17.9) value as PaO2 in mm Hg.,Extraneous mmHg already contradicts own percent sign and respectively construction; eTable provides corroborating correct units. Classified local unit-placement issue.,,2025/jama.2025.9663/.ai_paper_validation/final_report_1_5_1.md,64,[]
2025::jama.2025.9663::C002,2025,jama.2025.9663,C002,Results-supplement contents page does not identify actual eTables 1-4,"Measure, label, or scale inconsistency",S_W,"[""S_W""]",recorded_candidate,,False,True,False,False,"Target is within one main article or one non-plan results supplement/workbook; no substantive plan comparison. For same-numbered eTables 1, 2, 3, and 4, the contents-page title differs from the actual heading. The contents eTable 3 topic matches actual eTable 1, and the contents eTable 4 topic approximates actual eTable 2, while the first two contents topics do not identify their actual tables.",,,2025/jama.2025.9663/.ai_paper_validation/final_report_1_5_1.md,99,[]
2025::jama.2025.9663::C003,2025,jama.2025.9663,C003,Final SAP contains an unresolved reference after quantitative separation/adherence rules,"Measure, label, or scale inconsistency",P_P,"[""P_P""]",recorded_candidate,,True,False,False,False,"Target is internal to protocol/SAP definitions, calculations, or plan versions; final results are not the conflicting comparator. One stated destination, Section 3.2, is identifiable; the second is literal unresolved-reference text and names no section, appendix, table, or other location. Section 3.2.2 is separately identifiable as a caveat but is not printed as the missing second destination.","Broken cross-reference in SAP, not substantive mismatch of reported result or numerical rule. May not impede rule interpretation.",,2025/jama.2025.9663/.ai_paper_validation/final_report_1_5_1.md,134,[]
