article,finding_id,severity,category,title,artifact_tags,mechanism_tags,source_report,evidence_text
jama.2024.11057,V02,Minor,Presentation inconsistency,"eTable 4 labels motivation and confidence as median (IQR) but displays 4.1 (0.8), 4.1 (0.8), 3.2 (1.1), and 3.5 (1.1). Nearby median/IQR entries use ranges, e.g., 30.0 (27.0-30.0). D001 Table 1 reports the same measures ",Table 1/baseline; Supplementary table,Summary-statistic/unit label,jama.2024.11057/.ai_paper_validation/final_report.md,"## V02 — Presentation inconsistency — Minor - Location: D003, joi240078supp2_prod_1739900423.24574.pdf, PDF p. 12, eTable 4; comparison D001, jama_graham_2024_oi_240078_1739900423.19074.pdf, PDF p. 4, Table 1. - Compared values: eTable 4 labels motivation and confidence as median (IQR) but displays 4.1 (0.8), 4.1 (0.8), 3.2 (1.1), and 3.5 (1.1). Nearby median/IQR entries use ranges, e.g., 30.0 (27.0-30.0). D001 Table 1 reports the same measures as 4.0 (4.0-5.0) and 3.0 (3.0-4.0). - Basis: The eTable 4 format resembles mean (SD), conflicting with its label and presentation elsewhere. The intended statistic is not resolved in the supplied evidence. - Verification instruction: Check the source analysis; correct either the statistic label or the displayed values."
jama.2024.11057,V05,Minor,Presentation inconsistency,"Title: “Vaping Cessation Outcomes Among 7-month Responders.” For 30-day PPA, CCA uses responder denominators: 287/521=55.1% and 208/543=38.3%; Missing=Vaping uses randomized denominators: 287/759=37.8% and 208/744=28.0%.",Supplementary table,Denominator/population; Count/percentage arithmetic; Duplicate/transposed content; Participant-flow wording; Footnote/title/caption/legend,jama.2024.11057/.ai_paper_validation/final_report.md,"## V05 — Presentation inconsistency — Minor - Location: D003, joi240078supp2_prod_1739900423.24574.pdf, PDF p. 14, eTable 5. - Compared values: Title: “Vaping Cessation Outcomes Among 7-month Responders.” For 30-day PPA, CCA uses responder denominators: 287/521=55.1% and 208/543=38.3%; Missing=Vaping uses randomized denominators: 287/759=37.8% and 208/744=28.0%. Repeated PPA changes from 131/517=25.3% and 61/538=11.3% to 131/759=17.3% and 61/744=8.2%. - Basis: The responder-only title also covers rows calculated over the randomized population. - Verification instruction: Recalculate the four Missing=Vaping cells from stated denominators; broaden the title or explicitly identify those rows as randomized-sample analyses."
jama.2024.12829,1,Major,Statistical reporting inconsistency,3/249 (1.2%) vs 4/252 (1.6%); incidence difference −0.4 percentage points; 95% CI −2.4 to −1.7.,Other main table,Count/percentage arithmetic; CI/point-estimate compatibility; P value/test labeling; Summary-statistic/unit label,jama.2024.12829/.ai_paper_validation/final_report.md,"1. Category: Statistical reporting inconsistency Priority: Major Location: jama_sun_2024_oi_240088_1746815064.14747.pdf, PDF p8 / printed p1066, Table 2, “Any stroke outside the territory…within 1 y.” Compared values: 3/249 (1.2%) vs 4/252 (1.6%); incidence difference −0.4 percentage points; 95% CI −2.4 to −1.7. Basis: 100 × (3/249 − 4/252) = −0.382; −0.4 is outside [−2.4, −1.7]. The interval also conflicts with HR 0.76 (95% CI 0.17–3.40) and P=.72. Verification: Check the upper CI endpoint and its sign against the analysis output."
jama.2024.12829,2,Major,Cross-document inconsistency,"Figure S5 labels AMM N=252, but categories total 169+58+13+3+3+2+1=249 and percentages use 249. Scores >2 total 4 BA and 9 AMM; Table S11 defines disabling stroke as mRS >2 at 1 year and reports 6 BA and 18 AMM.",Other figure; Other main table,Denominator/population; Count/percentage arithmetic; Duplicate/transposed content; Footnote/title/caption/legend,jama.2024.12829/.ai_paper_validation/final_report.md,"2. Category: Cross-document inconsistency Priority: Major Location: joi240088supp1_prod_1746815064.21247.pdf, PDF p13, Figure S5; PDF p24, Table S11 and footnote b. Compared values: Figure S5 labels AMM N=252, but categories total 169+58+13+3+3+2+1=249 and percentages use 249. Scores >2 total 4 BA and 9 AMM; Table S11 defines disabling stroke as mRS >2 at 1 year and reports 6 BA and 18 AMM. Basis: The figure distribution conflicts with its displayed denominator and with the identically defined Table S11 outcome; three omitted AMM patients cannot reconcile 9 with 18. Verification: Sum scores 0–6 and scores 3–6 in each Figure S5 arm, then compare with arm labels and Table S11."
jama.2024.12829,3,Major,Cross-document inconsistency,Table S6 headers are 249/252 but show 9 (3.9%) vs 34 (13.5%). Main ITT Table 2 shows 11/249 (4.4%) vs 34/252 (13.5%); PPS Table S8 shows 9/233 (3.9%).,Other main table,Denominator/population; Count/percentage arithmetic; Effect measure/model label; Footnote/title/caption/legend,jama.2024.12829/.ai_paper_validation/final_report.md,"3. Category: Cross-document inconsistency Priority: Major Location: Supplement PDF p19, Table S6; main article PDF p8, Table 2; supplement PDF p21, Table S8. Compared values: Table S6 headers are 249/252 but show 9 (3.9%) vs 34 (13.5%). Main ITT Table 2 shows 11/249 (4.4%) vs 34/252 (13.5%); PPS Table S8 shows 9/233 (3.9%). Basis: 9/249=3.6%, not 3.9%; the BA value matches PPS while the header and AMM value match ITT. Verification: Identify Table S6’s intended population and confirm raw counts and denominators used for its adjusted HR."
jama.2024.12829,4,Minor,Presentation inconsistency,"Headers show 233/238, but site totals are 256+245=501 and events total 11 BA vs 34 AMM. Site percentages reconstruct denominators 138/118 and 111/134, totaling 249/252.",Other main table,Denominator/population; Count/percentage arithmetic; Footnote/title/caption/legend,jama.2024.12829/.ai_paper_validation/final_report.md,"4. Category: Presentation inconsistency Priority: Minor Location: Supplement PDF p20, Table S7; PDF p23, Table S10. Compared values: Headers show 233/238, but site totals are 256+245=501 and events total 11 BA vs 34 AMM. Site percentages reconstruct denominators 138/118 and 111/134, totaling 249/252. Basis: Table S10 identifies 249/252 as ITT and 233/238 as PPS; Table S7’s body represents ITT data under PPS-sized headers. Verification: Reconstruct each arm-by-site denominator and correct the Table S7 headers or body."
jama.2024.12829,5,Minor,Presentation inconsistency,"The PPS table headers show 249/252; values including 9 (3.9%), 33 (13.9%), 6 (2.6%), and 20 (8.4%) use 233/238.",Flow diagram; Other main table,Denominator/population; Count/percentage arithmetic; Footnote/title/caption/legend,jama.2024.12829/.ai_paper_validation/final_report.md,"5. Category: Presentation inconsistency Priority: Minor Location: Supplement PDF p21, Table S8; PDF p23, Table S10; main article PDF p5, Figure 1. Compared values: The PPS table headers show 249/252; values including 9 (3.9%), 33 (13.9%), 6 (2.6%), and 20 (8.4%) use 233/238. Basis: Table S10 and Figure 1 identify 233/238 as PPS denominators. Verification: Recalculate representative rates under both denominator pairs and confirm intended PPS headers."
jama.2024.12829,6,Minor,Presentation inconsistency,"Table S9 is titled ATS but headers show 249/252. Values including 11 (4.5%) and 34 (13.4%) use ATS denominators 247/254. The cell 8 (3.3%) fails under both 247 and 249, each rounding to 3.2%.",Other main table,Denominator/population; Count/percentage arithmetic; Footnote/title/caption/legend,jama.2024.12829/.ai_paper_validation/final_report.md,"6. Category: Presentation inconsistency Priority: Minor Location: Supplement PDF p22, Table S9; PDF p23, Table S10. Compared values: Table S9 is titled ATS but headers show 249/252. Values including 11 (4.5%) and 34 (13.4%) use ATS denominators 247/254. The cell 8 (3.3%) fails under both 247 and 249, each rounding to 3.2%. Basis: Title and body conflict with displayed headers; one percentage remains unreconciled. Verification: Confirm ATS arm sizes, correct headers, and identify the denominator used for 8 (3.3%)."
jama.2024.12829,7,Minor,Cross-document inconsistency,Main text reports 258/501 from the lead center; Table S7 assigns 256 of 501 to Beijing Tiantan and 245 elsewhere. Figure S3 reports 258 among the pre-exclusion enrollment population of 512.,Narrative/abstract; Other figure; Other main table,Denominator/population; Count/percentage arithmetic; Participant-flow wording,jama.2024.12829/.ai_paper_validation/final_report.md,"7. Category: Cross-document inconsistency Priority: Minor Location: Main article PDF p4 / printed p1062, Patient Population; supplement PDF p20, Table S7; supplement PDF p12, Figure S3. Compared values: Main text reports 258/501 from the lead center; Table S7 assigns 256 of 501 to Beijing Tiantan and 245 elsewhere. Figure S3 reports 258 among the pre-exclusion enrollment population of 512. Basis: 256+245=501; the narrative pairs the pre-exclusion center count with the post-exclusion denominator. Verification: Trace the 11 exclusions by center and confirm whether the analyzed lead-center numerator is 256 or 258."
jama.2024.12829,8,Minor,Cross-document inconsistency,Main text reports arterial perforation 0.4% and cites Table S4; Table S4 reports 0 (0.0%).,Narrative/abstract; Other main table,Count/percentage arithmetic,jama.2024.12829/.ai_paper_validation/final_report.md,"8. Category: Cross-document inconsistency Priority: Minor Location: Main article PDF p7 / printed p1065, procedural-complications paragraph; supplement PDF p17, Table S4. Compared values: Main text reports arterial perforation 0.4% and cites Table S4; Table S4 reports 0 (0.0%). Basis: The same named complication is reported as approximately one event versus zero. Verification: Compare the event record supporting the narrative with the Table S4 row and correct the count or percentage."
jama.2024.12829,9,Minor,Statistical reporting inconsistency,"Rows marked “Chi-square test” report P=.84 for 12/249 vs 14/252, P=.35 for 7/249 vs 12/252, and P=.02 for 6/249 vs 18/252. Two-sided Fisher exact results are .840916, .350060, and .019621; ordinary Pearson chi-square res",Other main table,Count/percentage arithmetic; P value/test labeling; Footnote/title/caption/legend,jama.2024.12829/.ai_paper_validation/final_report.md,"9. Category: Statistical reporting inconsistency Priority: Minor Location: Supplement PDF p24, Table S11, rows marked footnote c and footnotes c/d. Compared values: Rows marked “Chi-square test” report P=.84 for 12/249 vs 14/252, P=.35 for 7/249 vs 12/252, and P=.02 for 6/249 vs 18/252. Two-sided Fisher exact results are .840916, .350060, and .019621; ordinary Pearson chi-square results are .710285, .253089, and .013126. Basis: Displayed P values reproduce Fisher exact results rather than the stated chi-square method; footnote d separately identifies Fisher testing. Verification: Reproduce both tests and confirm whether the three row markers or P values were entered incorrectly."
jama.2024.19585,1,Minor,Statistical reporting inconsistency,"eTable 10 labels its comparison columns “Difference (95% CI).” For diarrhea documentation among participants with SSPedi score ≥1, it reports 5/26 versus 2/56 and an estimate of 6.43 (95% CI, 1.16–35.74). The eMethods st",Supplementary table,Denominator/population; Count/percentage arithmetic; CI/point-estimate compatibility; Effect measure/model label; Footnote/title/caption/legend,jama.2024.19585/.ai_paper_validation/human_adjudication_report.md,"### 1. Statistical reporting inconsistency — Minor - Location: DOC-003, eTable 10, PDF pp. 13–15; eMethods, PDF p. 22. - Source evidence: eTable 10 labels its comparison columns “Difference (95% CI).” For diarrhea documentation among participants with SSPedi score ≥1, it reports 5/26 versus 2/56 and an estimate of 6.43 (95% CI, 1.16–35.74). The eMethods states that these logistic models estimate odds ratios. - Basis: The crude odds ratio is (5/21) / (2/54) = 6.43. The risk difference is 5/26 - 2/56 = 0.157. The displayed estimate is an odds ratio, not a difference. - Human verification: Compare the eTable 10 headings with the p. 22 eMethods and independently calculate the example odds ratio. Confirm the intended effect-measure label."
jama.2024.19585,2,Minor,Presentation inconsistency,"Figure 2 displays separate Baseline and Week 8 panels, but its unqualified caption states that the participant numbers are 198 in the symptom-screening group and 209 in the usual-care group. Table 2 and the Results repor",Other figure; Other main table,Denominator/population; Footnote/title/caption/legend,jama.2024.19585/.ai_paper_validation/human_adjudication_report.md,"### 2. Presentation inconsistency — Minor - Location: DOC-001, Figure 2, PDF p. 8 / printed p. 1988; Table 2, PDF p. 7 / printed p. 1987; Results, PDF p. 4 / printed p. 1984. - Source evidence: Figure 2 displays separate Baseline and Week 8 panels, but its unqualified caption states that the participant numbers are 198 in the symptom-screening group and 209 in the usual-care group. Table 2 and the Results report baseline denominators of 216 and 213 and week-8 denominators of 198 and 209. - Basis: The global caption supplies only the week-8 denominators for a two-time-point figure. It does not give baseline denominators or state that the baseline panel was restricted to week-8 complete cases. This finding does not establish that any plotted bar is numerically wrong. - Human verification: Compare both Figure 2 panel labels and its caption with the time-specific denominators in Table 2 and the Results. Clarify which denominator applies to each panel."
jama.2024.19585,3,Minor,Presentation inconsistency,"Each eFigure 3 annotation has the form estimate [lower, upper; third value], but the legend defines only the mean difference and 95% CI. The third values—.95, .66, .41, .34, .22, .71, .83, and .45—match the adjusted P va",Supplementary figure; Other figure; Other main table,CI/point-estimate compatibility; P value/test labeling; Effect measure/model label; Summary-statistic/unit label; Footnote/title/caption/legend,jama.2024.19585/.ai_paper_validation/human_adjudication_report.md,"### 3. Presentation inconsistency — Minor - Location: DOC-003, eFigure 3, PDF p. 21; DOC-001, Table 2, PDF p. 7 / printed p. 1987. - Source evidence: Each eFigure 3 annotation has the form estimate [lower, upper; third value], but the legend defines only the mean difference and 95% CI. The third values—.95, .66, .41, .34, .22, .71, .83, and .45—match the adjusted P values for the same PedsQL domains in DOC-001 Table 2. - Basis: The figure displays P values without identifying the third annotation value in the legend. - Human verification: Match each eFigure 3 third value to Table 2's adjusted P-value column and confirm that the legend omits the definition. Add an explicit legend definition if these are the intended P values."
jama.2024.2302,C1,Major,Presentation inconsistency,Abstract misstates the number of infants who underwent operative repair,Narrative/abstract; Table 1/baseline; Flow diagram,Denominator/population; Count/percentage arithmetic; Participant-flow wording,jama.2024.2302/.ai_paper_validation/final_report.md,"### C1 — Abstract misstates the number of infants who underwent operative repair - Category / severity: Presentation inconsistency — Major. - Exact location: jama_blakely_2024_oi_240020_1710443209.74411.pdf, PDF p. 1 (journal p. 1035), Abstract—Results; compared with PDF p. 3 (Figure 1), p. 4 (Surgery Characteristics), p. 5 (Surgery Characteristics and Table 1). - Compared values/statements: Abstract: “320 underwent operative repair.” Surgery Characteristics: 152/163 early and 129/157 late underwent repair. Figure 1: (147 + 5) early and (90 + 39) late repairs. Table 1 postwithdrawal denominators: 163 early and 157 late. - Calculation / logical basis: 152 + 129 = 281; Figure 1 independently gives (147 + 5) + (90 + 39) = 281. The abstract’s 320 equals the postwithdrawal cohort: 163 + 157 = 320 and 338 - 9 - 9 = 320, not the reported repair total. - Verification instruction: Read the PDF p. 1 abstract sentence; sum repair counts on pp. 4-5 or Figure 1 branches on p. 3; compare with the Table 1 postwithdrawal total."
jama.2024.2302,C3,Minor,Participant flow inconsistency,Figure 1 omits explicit withdrawal/exclusion branches needed to reconcile primary-analysis populations,Narrative/abstract; Flow diagram; Other main table,Denominator/population; Count/percentage arithmetic; Participant-flow wording,jama.2024.2302/.ai_paper_validation/final_report.md,"### C3 — Figure 1 omits explicit withdrawal/exclusion branches needed to reconcile primary-analysis populations - Category / severity: Participant flow inconsistency — Minor. - Issue in one sentence: Figure 1 contains a 9-infant category in each randomized arm, but labels it only as “Did not undergo treatment as randomized” and does not explicitly identify those infants as postrandomization withdrawals who were excluded from the primary analysis. Consequently, the figure alone does not fully explain the transition from the randomized populations (172 and 166) to the primary-analysis populations (159 and 149). - Exact source locations and statements: | Source location | Reported statement or value | Relevance to participant flow | |---|---|---| | jama_blakely_2024_oi_240020_1710443209.74411.pdf, PDF p. 3 (journal p. 1037), Figure 1, early arm | 172 Randomized; 163 Received treatment as randomized; 9 Did not undergo treatment as randomized; 4 Lost to follow-up; 159 Included in primary analysis | The figure displays the matching 9-infant category but does not call it a withdrawal or show it leaving the analysis pathway through a separate exclusion branch. | | Same figure, late arm | 166 Randomized; 157 Received treatment as randomized; 9 Did not undergo treatment as randomized; 8 Lost to follow-up; 149 Included in primary analysis | The same labeling and branch omission occurs in the late arm. | | PDF p. 4 (journal p. 1038), Results—Patient Characteristics | “After randomization, 9 infants were withdrawn from each treatment group ... leaving 163 in the early ... group and 157 in the late ... group.” | The Results text identifies the two 9-infant categories as postrandomization withdrawals, not merely as treatment nonadherence. | | PDF p. 4, Statistical Analysis | The intention-to-treat analyses included all randomized infants “except those withdrawn from the study.” | This statement establishes that withdrawal determined analysis exclusion. Failure to receive treatment as randomized, by itself, does not state whether a participant was excluded from analysis. | | PDF p. 6 (journal p. 1040), Table 2 note a | “Excludes 9 infants (in each group) who were withdrawn after randomization and 12 who were lost to follow-up (4 in the early repair group and 8 in the late repair group).” | The table note explicitly distinguishes withdrawal from loss to follow-up and identifies both as reductions from the randomized populations to the primary-analysis populations. | - Arm-level reconciliation: | Arm | Randomized | Postrandomization withdrawals | Remaining after withdrawal | Lost to follow-up | Included in primary analysis | |---|---:|---:|---:|---:|---:| | Early repair | 172 | 9 | 172 - 9 = 163 | 4 | 163 - 4 = 159 | | Late repair | 166 | 9 | 166 - 9 = 157 | 8 | 157 - 8 = 149 | | Total | 338 | 18 | 320 | 12 | 308 | - Why the figure is incomplete: If a reader follows only the explicitly labeled postallocation exclusion boxes in Figure 1, the visible calculations would be 172 - 4 = 168 and 166 - 8 = 158, which do not produce the displayed analysis totals of 159 and 149. Reconciliation requires the unstated additional step of treating each “9 Did not undergo treatment as randomized” category as a postrandomization withdrawal excluded from analysis. The Results text and Table 2 note supply that information, but Figure 1 does not. - Why the terminology matters: “Did not undergo treatment as randomized” describes treatment receipt or adherence, whereas “withdrawn after randomization and excluded from analysis” describes study/analysis status. A participant may deviate from assigned treatment yet remain in the randomized analysis group; therefore, the Figure 1 wording does not independently communicate the analysis exclusion documented elsewhere in the article. - Nature and limit of the finding: This is a flow-label/branch omission, not an arithmetic error. The final primary-analysis counts are internally reconcilable and agree with Table 2. The issue is Minor because the missing status is recoverable from the Results text and Table 2 note and does not, by itself, demonstrate that the outcome calculations or trial conclusion are incorrect. - Suggested figure clarification: Add a separate branch in each arm labeled Withdrawn after randomization and excluded from primary analysis (n = 9), followed by Remaining after withdrawal (n = 163 early; n = 157 late), before the Lost to follow-up and Included in primary analysis boxes. - Verification instruction: On PDF p. 3, trace each arm from randomization to the primary-analysis box and note that only loss to follow-up is explicitly shown as a subsequent exclusion. Then compare the two 9-infant categories with the explicit withdrawal statement on PDF p. 4 and the exclusion wording in Table 2 note a on PDF p. 6; verify 172 - 9 - 4 = 159 and 166 - 9 - 8 = 149."
jama.2024.2302,C5,Minor,Presentation inconsistency,Enrollment-details cross-reference incorrectly includes outcome-analysis eTable 2,Narrative/abstract; Supplementary table; Flow diagram,Denominator/population; Count/percentage arithmetic; CI/point-estimate compatibility; P value/test labeling; Effect measure/model label; Cross-reference/citation; Participant-flow wording; Footnote/title/caption/legend,jama.2024.2302/.ai_paper_validation/final_report.md,"### C5 — Enrollment-details cross-reference incorrectly includes outcome-analysis eTable 2 - Category / severity: Presentation inconsistency — Minor. - Issue in one sentence: In the Patient Characteristics section, the article directs readers seeking “additional enrollment details” to “eTables 1-2,” but only eTable 1 contains the referenced enrollment, eligibility, and refusal information; eTable 2 reports frequentist primary and secondary outcome analyses. - Exact source locations and statements: | Source location | Reported statement or content | Relevance to the cross-reference | |---|---|---| | Main article, jama_blakely_2024_oi_240020_1710443209.74411.pdf, PDF p. 4 (journal p. 1038), Results—Patient Characteristics | After reporting why 613 parents or guardians refused participation, the text states that “additional enrollment details appear in eTables 1-2” and separately states that randomization-by-site details appear in eTable 3. | The plural range “eTables 1-2” represents the cross-reference under review and indicates that both eTable 1 and eTable 2 provide additional enrollment information. | | Results supplement, joi240020supp3_prod_1710443209.75411.pdf, PDF pp. 2-4, eTable 1 | Title: “Additional information related to trial enrollment.” The table lists factors affecting eligibility or repair timing, reasons for refusal by parents/guardians (n = 613), reasons for refusal by physicians (n = 37), and other reasons eligible infants were not consented (n = 16). | This table directly supplies the additional enrollment and nonparticipation details promised by the main-text citation. | | Results supplement, PDF p. 5, eTable 2 | Title: “Frequentist primary and major secondary outcome analyses.” It reports serious-adverse-event counts (44/159 early vs 27/149 late), risk difference, relative risk, confidence intervals, P values, hospital-day summaries, and the fitted statistical models. | These are outcome-analysis results, not the enrollment and refusal details discussed in the cited Patient Characteristics paragraph. | | Main article, PDF p. 3 (journal p. 1037), Figure 1 note b | “Additional information appears in eTable 1 in Supplement 3.” | Figure 1 directs the same type of enrollment information to eTable 1 alone, consistent with the supplement’s actual contents. | | Main article, PDF p. 6 (journal p. 1040), Primary Outcome | “The frequentist analyses were consistent with these findings (eTable 2 in Supplement 3).” | This is the content-appropriate cross-reference for eTable 2 and confirms its role as an outcome-analysis table. | - Content-to-reference comparison: | Information sought by the reader | eTable 1 | eTable 2 | |---|:---:|:---:| | Additional trial-enrollment information | Yes | No | | Reasons for parent/guardian refusal | Yes | No | | Reasons for physician refusal | Yes | No | | Other reasons eligible infants were not consented | Yes | No | | Primary serious-adverse-event outcome analysis | No | Yes | | Major secondary hospital-days analysis | No | Yes | | Frequentist effect estimates, confidence intervals, and P values | No | Yes | - Direct numerical linkage to the cited paragraph: The Patient Characteristics paragraph summarizes the 613 parent/guardian refusals as 280 preferring early repair, 196 preferring late repair, 71 preferring that the clinician decide, and 66 giving other reasons. eTable 1 reproduces and expands this exact enrollment breakdown, and the components reconcile as 280 + 196 + 71 + 66 = 613. eTable 2 does not report these values or any comparable refusal breakdown. - Why the cross-reference is mismatched: The phrase “additional enrollment details appear in eTables 1-2” assigns an enrollment-information function to both tables in the cited range. The source package supports that function for eTable 1 but not for eTable 2. The correct semantic mapping is enrollment/refusal details -> eTable 1 and frequentist outcome analyses -> eTable 2. - Qualification regarding text below eTable 2: A short paragraph below eTable 2 describes participating centers and notes that site-level randomization counts are provided below. It does not provide the enrollment-refusal breakdown discussed in the Patient Characteristics paragraph. Moreover, the main article separately directs randomization-by-site details to eTable 3. This paragraph therefore does not resolve the mismatch between “additional enrollment details” and the substantive contents of eTable 2. - Nature and limit of the finding: This is a cross-reference/presentation error, not a numerical or statistical-result error. eTable 1—the correct destination—is already included in the printed citation, so a reader can still locate the relevant information. eTable 2 itself is not erroneous and is correctly cited elsewhere for the frequentist outcome analyses. These factors support Minor severity. - Suggested correction: Replace “additional enrollment details appear in eTables 1-2” with “additional enrollment details appear in eTable 1.” A fully clarified sentence would distinguish the destinations as follows: Additional enrollment details appear in eTable 1, and details of randomization by study site appear in eTable 3 in Supplement 3. - Verification instruction: Read the cross-reference in the Patient Characteristics paragraph on main-article PDF p. 4. Compare it with the titles and substantive rows of eTable 1 on supplement PDF pp. 2-4 and eTable 2 on supplement PDF p. 5. Confirm that the enrollment/refusal counts summarized in the main text occur in eTable 1, while eTable 2 contains frequentist outcome analyses; then confirm that Figure 1 note b cites eTable 1 alone and that the Primary Outcome text on main-article PDF p. 6 cites eTable 2 for its appropriate purpose."
jama.2024.240147,F1,Major,Participant flow inconsistency,"The Abstract describes 733 restrictive and 724 liberal participants as randomly assigned. Key Points describes 1508 participants as randomized. Figure 1 shows 1979 randomized participants: 983 restrictive, 994 liberal, a",Narrative/abstract; Flow diagram,Denominator/population; Participant-flow wording,jama.2024.240147/.ai_paper_validation/final_report.md,"### F1 - Participant flow inconsistency - Major - Location: DOC-001 p. 1, Abstract; p. 2, Key Points; p. 3, Figure 1 and Trial Population. - Compared statements: The Abstract describes 733 restrictive and 724 liberal participants as randomly assigned. Key Points describes 1508 participants as randomized. Figure 1 shows 1979 randomized participants: 983 restrictive, 994 liberal, and 2 lost envelopes. - Basis: 750 - 17 = 733 and 758 - 34 = 724, so 733 and 724 are analyzed populations. Also, 750 + 758 = 1508, so 1508 is the intervention-stage population, not the randomized population. - Verification: Reconcile and label the population stage used in the Abstract, Key Points, Trial Population, and Figure 1."
jama.2024.240147,F2,Minor,Arithmetic inconsistency,"Restrictive: 335/750 is 44.7%, reported 44.4%; 173/750 is 23.1%, reported 22.9%; 92/750 is 12.3%, reported 12.2%; 50/750 is 6.7%, reported 7.2%. Liberal: 348/758 is 45.9%, reported 45.7%; 177/758 is 23.4%, reported 23.2%",Supplementary table,Denominator/population; Count/percentage arithmetic; Summary-statistic/unit label,jama.2024.240147/.ai_paper_validation/final_report.md,"### F2 - Arithmetic inconsistency - Minor - Location: DOC-003 p. 14, eTable 1, receiving trauma center. - Compared values: Restrictive: 335/750 is 44.7%, reported 44.4%; 173/750 is 23.1%, reported 22.9%; 92/750 is 12.3%, reported 12.2%; 50/750 is 6.7%, reported 7.2%. Liberal: 348/758 is 45.9%, reported 45.7%; 177/758 is 23.4%, reported 23.2%; 93/758 is 12.3%, reported 12.2%; 47/758 is 6.2%, reported 6.7%. The 100/750 (13.3%) cell is correct. - Basis: Percentages recalculated from the displayed counts and arm denominators do not match the cited cells. - Verification: Recalculate every receiving-center fraction to one decimal place and correct either the displayed percentages or source counts."
jama.2024.240147,F4,Minor,Arithmetic inconsistency,4/743 is reported as 5.3%.,Supplementary table,Denominator/population; Count/percentage arithmetic,jama.2024.240147/.ai_paper_validation/final_report.md,"### F4 - Arithmetic inconsistency - Minor - Location: DOC-003 p. 15, eTable 2, Walk-in, liberal arm. - Compared values: 4/743 is reported as 5.3%. - Basis: 4/743 = 0.54%, which rounds to 0.5%. - Verification: Confirm the numerator, denominator, and displayed percentage."
jama.2024.240147,F5,Minor,Arithmetic inconsistency,0/747 is reported as 1.1%.,Supplementary table,Denominator/population; Count/percentage arithmetic,jama.2024.240147/.ai_paper_validation/final_report.md,"### F5 - Arithmetic inconsistency - Minor - Location: DOC-003 p. 15, eTable 2, vascular surgery, liberal arm. - Compared values: 0/747 is reported as 1.1%. - Basis: A zero numerator yields 0.0%. - Verification: Confirm the numerator, denominator, and displayed percentage."
jama.2024.240147,F6,Minor,Presentation inconsistency,"An asterisk footnote concerns postdischarge pneumonia, but eTable 6 contains no corresponding row or asterisk marker. The pneumonia topic is linked correctly in eTable 5 with a paragraph-mark footnote.",Supplementary table,Footnote/title/caption/legend,jama.2024.240147/.ai_paper_validation/final_report.md,"### F6 - Presentation inconsistency - Minor - Location: DOC-003 p. 19, eTable 6; comparison with p. 18, eTable 5. - Compared statements: An asterisk footnote concerns postdischarge pneumonia, but eTable 6 contains no corresponding row or asterisk marker. The pneumonia topic is linked correctly in eTable 5 with a paragraph-mark footnote. - Basis: The footnote is orphaned within eTable 6. - Verification: Confirm the intended table, row, and marker, then place, revise, or remove the footnote."
jama.2024.240147,F7,Minor,Cross-document inconsistency,The liberal arm fraction 48/473 is reported as 9.2% in eTable 7 and 10.1% in Figure 4.,Supplementary table; Other figure,Denominator/population; Count/percentage arithmetic; Summary-statistic/unit label,jama.2024.240147/.ai_paper_validation/final_report.md,"### F7 - Cross-document inconsistency - Minor - Location: DOC-003 p. 20, eTable 7, AIS <3; DOC-001 p. 8, Figure 4. - Compared values: The liberal arm fraction 48/473 is reported as 9.2% in eTable 7 and 10.1% in Figure 4. - Basis: 48/473 = 10.15%, which rounds to 10.1%. The package does not establish an alternative denominator. - Verification: Confirm that 48 and 473 are the intended values and reconcile the two displays."
jama.2024.240147,F8,Minor,Cross-document inconsistency,The liberal arm fraction 14/69 is reported as 20.2% in eTable 7 and 20.3% in Figure 4.,Supplementary table; Other figure,Denominator/population; Count/percentage arithmetic; Summary-statistic/unit label,jama.2024.240147/.ai_paper_validation/final_report.md,"### F8 - Cross-document inconsistency - Minor - Location: DOC-003 p. 20, eTable 7, lung disease yes; DOC-001 p. 8, Figure 4. - Compared values: The liberal arm fraction 14/69 is reported as 20.2% in eTable 7 and 20.3% in Figure 4. - Basis: 14/69 = 20.29%, which rounds to 20.3%. - Verification: Confirm the shared numerator and denominator and harmonize the percentage."
jama.2024.240147,F9,Minor,Presentation inconsistency,"eTable 10 reports 55/750 (45%) and 67/758 (55%). The counts total 122 and the displayed percentages are based on 122, not on 750 and 758. Figure 1 reports 59 and 71, totaling 130.",Supplementary table; Flow diagram,Denominator/population; Count/percentage arithmetic; Summary-statistic/unit label; Participant-flow wording; Footnote/title/caption/legend,jama.2024.240147/.ai_paper_validation/final_report.md,"### F9 - Presentation inconsistency - Minor - Location: DOC-003 p. 24, eTable 10, N = 130 row; DOC-001 p. 3, Figure 1. - Compared values: eTable 10 reports 55/750 (45%) and 67/758 (55%). The counts total 122 and the displayed percentages are based on 122, not on 750 and 758. Figure 1 reports 59 and 71, totaling 130. - Basis: The four-per-arm difference matches the Swiss-law withdrawals in Figure 1, but their omission from eTable 10 is undocumented. The second eTable row explicitly documents missing assignments, underscoring the mixed convention. This finding does not characterize participants as lost. - Verification: Clarify the row eligibility, exclusion, and percentage-denominator convention and revise the heading, fractions, or footnote accordingly."
jama.2024.24764,1,Minor,Presentation inconsistency,Participant-count framing does not disclose multiple responses,Other main table,Denominator/population; Count/percentage arithmetic; Footnote/title/caption/legend,jama.2024.24764/.ai_paper_validation/final_report.md,"### 1. Participant-count framing does not disclose multiple responses - Category / severity: Presentation inconsistency / Minor (V1 / TAC-01). - Exact location: jama_atherton_2025_oi_240145_1741627844.85412.pdf, PDF p. 7 (printed p. 859), Table 2: Level of operating surgeon, Level of surgeon closing fascia, and Level of surgeon closing skin. - Compared values/statements: Header: No. of participants (%); iNPWT n=411, surgeon's preference n=410. Operating-surgeon counts: 319, 123, 4 and 318, 110, 1; fascia: 201, 218, 26 and 193, 225, 15; skin: 115, 214, 96 and 102, 241, 73. Footnote f defines seniority equivalents but does not state that categories are non-mutually exclusive. - Calculation/logical basis: Totals are 446 vs 411 and 429 vs 410 (operating); 445 vs 411 and 433 vs 410 (fascia); 425 vs 411 and 416 vs 410 (skin). Each block exceeds its stated participant denominator and its percentages exceed 100%; the table does not disclose a multiple-response rule. - Verification instruction: Confirm whether more than one surgeon or level could be recorded per operation. If so, add a multiple-response/non-mutually-exclusive note; otherwise recheck counts."
jama.2024.24764,2,Minor,Statistical reporting inconsistency,Pandemic-subgroup population is incompletely stated in Methods,Other figure,Denominator/population; Footnote/title/caption/legend,jama.2024.24764/.ai_paper_validation/final_report.md,"### 2. Pandemic-subgroup population is incompletely stated in Methods - Category / severity: Statistical reporting inconsistency / Minor (V3 / FFC-2). - Exact location: MAIN PDF p. 4 (printed p. 856), Statistical Analysis; MAIN PDF p. 9 (printed p. 861), Figure 2 pandemic rows and footnote a; SAP joi240145supp1_prod_1741627844.87412.pdf, PDF p. 28, section 9.9. - Compared statements/values: Methods describes randomization before or after March 11, 2020 without a country restriction. Figure 2 footnote a states UK-based patients only; its pandemic-row events are 60 + 19 = 79 and 55 + 18 = 73, matching the Figure 2 UK-row events 79 and 73. SAP section 9.9 specifies the pandemic subgroup For UK patients only. - Calculation/logical basis: The figure and SAP identify a UK-only analysis, whereas the Methods population description omits that restriction. - Verification instruction: Reconcile the Methods wording with the SAP and Figure 2; explicitly state the UK-only restriction."
jama.2024.24764,3,Minor,Presentation inconsistency,Figure 2 lacks category denominators and missing-classification disclosure,Other figure,Denominator/population; Count/percentage arithmetic,jama.2024.24764/.ai_paper_validation/final_report.md,"### 3. Figure 2 lacks category denominators and missing-classification disclosure - Category / severity: Presentation inconsistency / Minor (V4 / FFC-3). - Exact location: MAIN PDF p. 9 (printed p. 861), Figure 2. - Compared values/statements: Figure 2 provides overall n=394 per group and primary events 112 and 108, but no category denominators, missing/unknown categories, or complete-case note. BMI events total 109 and 103; incision-length events 111 and 103; assessment-method events 101 and 107. - Calculation/logical basis: Shortfalls from primary events are BMI 3/5, incision length 1/5, and assessment method 11/1 (iNPWT/control). Missing subgroup data may explain the shortfalls, but the figure does not quantify or disclose it. - Verification instruction: Total each category's event numerators against 112/108; provide category denominators and missing/unknown counts, or add a complete-case subgroup-analysis note."
jama.2024.24764,4,Minor,Statistical reporting inconsistency,Unqualified quality-of-life narrative conflicts with the displayed day-7 contrast,Narrative/abstract; Supplementary table,Count/percentage arithmetic; CI/point-estimate compatibility; P value/test labeling; Effect measure/model label; Summary-statistic/unit label,jama.2024.24764/.ai_paper_validation/final_report.md,"### 4. Unqualified quality-of-life narrative conflicts with the displayed day-7 contrast - Category / severity: Statistical reporting inconsistency / Minor (V5 / SCC-01). - Exact location: MAIN PDF p. 1 (printed p. 853), Abstract Results; MAIN PDF p. 6 (printed p. 858), Secondary Outcomes; results supplement joi240145supp3_prod_1741627844.89412.pdf, PDF p. 4, eTable 3, EQ5D-5L EuroQol score, Day 7. - Compared statements/values: The Abstract says quality of life showed no significant difference; Results says there were no differences in quality of life between the 2 groups. eTable 3 Day 7 reports N=292/283, means 0.44 (SD 0.32) vs 0.49 (SD 0.30), adjusted mean difference -0.057 (95% CI, -0.104 to -0.010), P=.02; treatment-by-time interaction P=.10. - Calculation/logical basis: The day-7 CI excludes 0 and the displayed time-specific P value is below .05, which conflicts with the unqualified narrative. The nonsignificant interaction may be the intended global basis, but the narrative does not state that qualification. - Verification instruction: Confirm whether the conclusion relies on the global interaction or time-specific contrasts, then qualify the Abstract and Results accordingly."
jama.2024.4183,C01,Minor,Participant flow inconsistency,2232 assessed; 1740 excluded; 491 randomized.,Flow diagram,Participant-flow wording,jama.2024.4183/.ai_paper_validation/human_adjudication_report.md,"1. C01 — Participant flow inconsistency — Minor - Location: jama_cinciripini_2024_oi_240036_1716416465.98349.pdf (DOC-001), PDF p. 6, Figure 2. - Compared values: 2232 assessed; 1740 excluded; 491 randomized. - Basis: 2232 − 1740 = 492, not 491. Listed exclusion subgroups reconcile to 1740. - Verify: Trace Figure 2 eligibility branches and subtract exclusions from assessed participants."
jama.2024.4183,C02,Minor,Arithmetic inconsistency,Each n=245 arm reports Female 105 (42.9%) and Male 145 (57.1%).,Table 1/baseline,Count/percentage arithmetic,jama.2024.4183/.ai_paper_validation/human_adjudication_report.md,"2. C02 — Arithmetic inconsistency — Minor - Location: jama_cinciripini_2024_oi_240036_1716416465.98349.pdf (DOC-001), PDF p. 5, Table “Baseline Measures and Demographics,” Sex rows. - Compared values: Each n=245 arm reports Female 105 (42.9%) and Male 145 (57.1%). - Basis: 105 + 145 = 250; 145 / 245 = 59.2%, not 57.1%. - Verify: Sum sex counts within each arm and recompute the male percentage."
jama.2024.4183,C03,Minor,Participant flow inconsistency,Prose states that 40 CNRT and 35 varenicline participants “did attend rerandomization”; Figure 2 states they “did not attend rerandomization.”,Narrative/abstract; Flow diagram,Count/percentage arithmetic; Participant-flow wording,jama.2024.4183/.ai_paper_validation/human_adjudication_report.md,"3. C03 — Participant flow inconsistency — Minor - Location: jama_cinciripini_2024_oi_240036_1716416465.98349.pdf (DOC-001), PDF p. 4 participant-flow prose and p. 6, Figure 2. - Compared statements: Prose states that 40 CNRT and 35 varenicline participants “did attend rerandomization”; Figure 2 states they “did not attend rerandomization.” - Basis: Figure totals support nonattendance: 151 + 40 = 191; 122 + 35 = 157. - Verify: Compare the p. 4 sentence with both Figure 2 nonattendance boxes."
jama.2024.4183,C04,Major,Cross-document inconsistency,DOC-001 Figure 1 and later DOC-003 definitions specify CNRT+ with 2-mg lozenges; DOC-003 E-Figure 1 specifies a 4-mg lozenge.,Supplementary figure; Flow diagram,Denominator/population; Footnote/title/caption/legend,jama.2024.4183/.ai_paper_validation/human_adjudication_report.md,"4. C04 — Cross-document inconsistency — Major - Location: jama_cinciripini_2024_oi_240036_1716416465.98349.pdf (DOC-001), PDF p. 3, Figure 1; joi240036supp2_prod_1716416466.01349.pdf (DOC-003), PDF p. 14, E-Figure 1 caption, and pp. 15–18 and 20. - Compared statements: DOC-001 Figure 1 and later DOC-003 definitions specify CNRT+ with 2-mg lozenges; DOC-003 E-Figure 1 specifies a 4-mg lozenge. - Basis: The intervention definition differs across supplied exhibits. - Verify: Compare the E-Figure 1 caption with DOC-001 Figure 1 and the cited supplemental definitions."
jama.2024.4183,C06,Minor,Statistical reporting inconsistency,Switch is 0/41 (0%); stay is 2/77 (3%). DOC-001 prints −3% but says continuing was worse; E-Table 4 labels switch versus stay but prints +3%.,Narrative/abstract; Supplementary table; Other figure,Denominator/population; Count/percentage arithmetic,jama.2024.4183/.ai_paper_validation/human_adjudication_report.md,"5. C06 — Statistical reporting inconsistency — Minor - Location: jama_cinciripini_2024_oi_240036_1716416465.98349.pdf (DOC-001), PDF pp. 5 and 7, outcome text/Figure 3; joi240036supp2_prod_1716416466.01349.pdf (DOC-003), PDF p. 21, E-Table 4. - Compared values/statements: Switch is 0/41 (0%); stay is 2/77 (3%). DOC-001 prints −3% but says continuing was worse; E-Table 4 labels switch versus stay but prints +3%. - Basis: In the stated order, switch minus stay is approximately 0% − 3% = −3%. - Verify: Recompute the difference in the displayed order and compare the prose, Figure 3, and E-Table 4 label/value."
jama.2024.4183,C07,Minor,Statistical reporting inconsistency,"Under stated K = 1000 simulations, power is 0.948 at threshold 0.80 and 0.980 at the stricter threshold 0.85.",Supplementary table,Other wording/definition,jama.2024.4183/.ai_paper_validation/human_adjudication_report.md,"6. C07 — Statistical reporting inconsistency — Minor - Location: joi240036supp2_prod_1716416466.01349.pdf (DOC-003), PDF p. 8 simulation description and p. 18, E-Table 2. - Compared values: Under stated K = 1000 simulations, power is 0.948 at threshold 0.80 and 0.980 at the stricter threshold 0.85. - Basis: The event meeting 0.85 is nested within the event meeting 0.80; under unchanged simulations, the stricter event cannot occur more often. - Verify: Compare the first two threshold/power rows with the stated simulation conditions."
jama.2024.4183,C08,Major,Presentation inconsistency,"Prose reports 1.0% (7.0%–1.3%); E-Figure 2 reports 5/51, 10% (7%–13%). Prose reports ARD 1.1% (−1.0%–22%); E-Table 11 reports 11% (−1%–22%).",Narrative/abstract; Supplementary table; Supplementary figure; Other figure,Denominator/population; Count/percentage arithmetic,jama.2024.4183/.ai_paper_validation/human_adjudication_report.md,"7. C08 — Presentation inconsistency — Major - Location: joi240036supp2_prod_1716416466.01349.pdf (DOC-003), PDF pp. 10–11 prose, p. 15 E-Figure 2, and p. 35 E-Table 11. - Compared values: Prose reports 1.0% (7.0%–1.3%); E-Figure 2 reports 5/51, 10% (7%–13%). Prose reports ARD 1.1% (−1.0%–22%); E-Table 11 reports 11% (−1%–22%). - Basis: The prose values differ by apparent decimal placement from the linked figure and table. - Verify: Compare each prose value directly with its linked exhibit."
jama.2024.4183,C09,Minor,Presentation inconsistency,Prose uses n=42 for varenicline continuation; E-Figures 2–3 use 0/77.,Narrative/abstract; Other figure,Denominator/population; Count/percentage arithmetic; Participant-flow wording,jama.2024.4183/.ai_paper_validation/human_adjudication_report.md,"8. C09 — Presentation inconsistency — Minor - Location: jama_cinciripini_2024_oi_240036_1716416465.98349.pdf (DOC-001), PDF pp. 6–7, Figure 2/outcome text; joi240036supp2_prod_1716416466.01349.pdf (DOC-003), PDF pp. 9–10 and pp. 15–16, E-Figures 2–3. - Compared values: Prose uses n=42 for varenicline continuation; E-Figures 2–3 use 0/77. - Basis: Figure 2 shows 42 rerandomized plus 35 nonattenders assigned to continuation: 42 + 35 = 77. - Verify: Trace both continuation branches in Figure 2 and compare the resulting denominator with prose and E-Figures 2–3."
jama.2024.4183,C10,Minor,Presentation inconsistency,"E-Table 5 states no adverse-event differences exceeded 2% except nausea; displayed absolute differences exceed two points for pruritus (2.84), skin rash (3.65), headache (3.25), and concentration impairment (2.44). DOC-0",Supplementary table,Denominator/population; Count/percentage arithmetic,jama.2024.4183/.ai_paper_validation/human_adjudication_report.md,"9. C10 — Presentation inconsistency — Minor - Location: joi240036supp2_prod_1716416466.01349.pdf (DOC-003), PDF pp. 22–24, E-Table 5; jama_cinciripini_2024_oi_240036_1716416465.98349.pdf (DOC-001), PDF p. 7. - Compared statements/values: E-Table 5 states no adverse-event differences exceeded 2% except nausea; displayed absolute differences exceed two points for pruritus (2.84), skin rash (3.65), headache (3.25), and concentration impairment (2.44). DOC-001 adds “with nonoverlapping CrIs.” - Basis: The supplemental statement omits the qualifying condition present in the main article. - Verify: Recompute the cited row differences and compare the supplement preamble with the complete main-article statement."
jama.2024.6063,C04,Major,Arithmetic inconsistency,"Krill final/baseline 100/127, change −84 (−122 to −46); placebo 108/141, change −103 (−141 to −65); between-group +3 (−10 to 16), P=.66. The adjacent Function week-4 row repeats −84 (−122 to −46) and −103 (−141 to −65) a",Supplementary table,Count/percentage arithmetic; P value/test labeling; Duplicate/transposed content,jama.2024.6063/.ai_paper_validation/final_report.md,"1. C04 — Arithmetic inconsistency — Major Location: Results supplement PDF page 5, eTable 4, WOMAC weight-bearing-pain week 4. Compared values: Krill final/baseline 100/127, change −84 (−122 to −46); placebo 108/141, change −103 (−141 to −65); between-group +3 (−10 to 16), P=.66. The adjacent Function week-4 row repeats −84 (−122 to −46) and −103 (−141 to −65) and reports between-group −19. Basis: Endpoint differences are approximately −27 and −33; the printed arm changes imply −19 rather than +3 and duplicate the Function-row values. Verification: Trace the weight-bearing-pain row and compare its change cells with Function character-for-character."
jama.2024.6063,C05,Major,Presentation inconsistency,"Strength final/baseline 72.6/66.5 and 70.2/65.9; changes −2.8 (−6.0 to 0.4) and −4.2 (−7.4 to −1.1); between-group −1.4 (−5.9 to 3.0), P=.53. The entire change/inference block is identical to back-pain week 4.",Supplementary table,Count/percentage arithmetic; P value/test labeling; Duplicate/transposed content,jama.2024.6063/.ai_paper_validation/final_report.md,"2. C05 — Presentation inconsistency — Major Location: Results supplement PDF page 6, eTable 4, lower-leg-strength week 12 and back-pain week 4. Compared values: Strength final/baseline 72.6/66.5 and 70.2/65.9; changes −2.8 (−6.0 to 0.4) and −4.2 (−7.4 to −1.1); between-group −1.4 (−5.9 to 3.0), P=.53. The entire change/inference block is identical to back-pain week 4. Basis: Exact duplication across unrelated rows while the displayed strength means rise. Verification: Compare every change-through-P-value cell for the two rows."
jama.2024.6063,C07,Major,Cross-document inconsistency,Main Table 3 totals are krill/placebo 11/6; visible eTable 7 terms sum to 6/6.,Supplementary table,Count/percentage arithmetic,jama.2024.6063/.ai_paper_validation/final_report.md,"3. C07 — Cross-document inconsistency — Major Location: Main article PDF page 8, Table 3, versus results supplement PDF pages 11–12, eTable 7, injury/procedural-complication category. Compared values: Main Table 3 totals are krill/placebo 11/6; visible eTable 7 terms sum to 6/6. Basis: Placebo totals agree; the krill total differs by five events. Verification: Sum every eTable 7 preferred term within the category and compare with Table 3."
jama.2024.6063,C01,Minor,Statistical reporting inconsistency,"Key Points gives +0.30 (95% CI −6.9 to 6.4; P=.94); the other locations give approximately −0.3 with the same CI/P, including eTable 1 −0.27 (−6.92 to 6.38), P=.94.",Narrative/abstract; Supplementary table,CI/point-estimate compatibility; P value/test labeling,jama.2024.6063/.ai_paper_validation/final_report.md,"4. C01 — Statistical reporting inconsistency — Minor Location: Main article PDF page 2, Key Points; page 1 Abstract; page 6, Table 2; page 7, Results; results supplement page 2, eTable 1; page 5, eTable 4. Compared values: Key Points gives +0.30 (95% CI −6.9 to 6.4; P=.94); the other locations give approximately −0.3 with the same CI/P, including eTable 1 −0.27 (−6.92 to 6.38), P=.94. Basis: −20.2 − (−19.9)=−0.3; reversal of the contrast would also reverse CI endpoints, but only the Key Points estimate is positive. Verification: Compare all six locations and confirm only Key Points is positive."
jama.2024.6063,C02,Minor,Arithmetic inconsistency,Header n=130; reported 67 (50.7).,Other main table,Denominator/population; Count/percentage arithmetic; Footnote/title/caption/legend,jama.2024.6063/.ai_paper_validation/final_report.md,"5. C02 — Arithmetic inconsistency — Minor Location: Main article PDF page 8, Table 3, “Participants with an adverse event,” krill arm. Compared values: Header n=130; reported 67 (50.7). Basis: 67/130 × 100 = 51.5%; 50.7% corresponds to 67/132 after rounding. Verification: Divide 67 by the displayed krill denominator."
jama.2024.6063,C03,Minor,Cross-document inconsistency,"Main krill/placebo counts: pain in extremity 1/6, gastroesophageal reflux disease 1/3, abdominal discomfort 0/3, diarrhea 2/1. eTable 7: 1/5, 3/1, 3/0, 1/2, respectively. The main narrative gives extremity pain 1/5.",Narrative/abstract; Supplementary table,Count/percentage arithmetic; Duplicate/transposed content,jama.2024.6063/.ai_paper_validation/final_report.md,"6. C03 — Cross-document inconsistency — Minor Location: Main article PDF page 8, Table 3 and narrative, versus results supplement PDF pages 10–11, eTable 7. Compared values: Main krill/placebo counts: pain in extremity 1/6, gastroesophageal reflux disease 1/3, abdominal discomfort 0/3, diarrhea 2/1. eTable 7: 1/5, 3/1, 3/0, 1/2, respectively. The main narrative gives extremity pain 1/5. Basis: Same-term conflicts; three gastrointestinal rows are arm-reversed and extremity pain differs by one placebo event. Verification: Compare the four named rows and narrative column-by-column."
jama.2024.6063,C06,Minor,Arithmetic inconsistency,"Totals are 107 krill and 109 placebo. Printed/calculated percentages: 10 (12%) versus 9.3%; 16 (12%) versus 14.7%; 80 (72%) versus 74.8%; 75 (72%) versus 68.8%; 12/107=11.2%, not 12%.",Supplementary table,Count/percentage arithmetic,jama.2024.6063/.ai_paper_validation/final_report.md,"7. C06 — Arithmetic inconsistency — Minor Location: Results supplement PDF page 8, eTable 5, WORMS totals. Compared values: Totals are 107 krill and 109 placebo. Printed/calculated percentages: 10 (12%) versus 9.3%; 16 (12%) versus 14.7%; 80 (72%) versus 74.8%; 75 (72%) versus 68.8%; 12/107=11.2%, not 12%. Basis: Multiple displayed percentages do not equal count divided by displayed arm total. Verification: Recalculate every category using 107 and 109."
jama.2024.6063,C08,Minor,Cross-document inconsistency,"eTable row n=167: krill 82 (98.8%), placebo 81 (96.4%); footnote n=165. Main text states 95% consumed at least 80% of softgels.",Narrative/abstract; Supplementary table,Denominator/population; Count/percentage arithmetic; Footnote/title/caption/legend,jama.2024.6063/.ai_paper_validation/final_report.md,"8. C08 — Cross-document inconsistency — Minor Location: Results supplement PDF page 3, eTable 2 overall adherence row and footnote; main article PDF page 7, adherence text. Compared values: eTable row n=167: krill 82 (98.8%), placebo 81 (96.4%); footnote n=165. Main text states 95% consumed at least 80% of softgels. Basis: Percentages imply denominators 83+84=167; 163/167=97.6%, not 95%; 163/165 is also not 95%. Verification: Infer arm denominators from percentages; compare with row/footnote n and main-text summary."
jama.2024.6063,C09,Minor,Presentation inconsistency,"Main footnotes direct detailed adverse events to eTable 4 and serious events to eTables 5 and 6. Supplement identifies eTable 4 as secondary endpoints, eTable 5 as WORMS, eTable 6 as analgesic use, eTable 7 as adverse ev",Supplementary table,Cross-reference/citation; Footnote/title/caption/legend,jama.2024.6063/.ai_paper_validation/final_report.md,"9. C09 — Presentation inconsistency — Minor Location: Main article PDF page 8, Table 3 footnotes; results supplement PDF page 1, contents and eTable headings. Compared values: Main footnotes direct detailed adverse events to eTable 4 and serious events to eTables 5 and 6. Supplement identifies eTable 4 as secondary endpoints, eTable 5 as WORMS, eTable 6 as analgesic use, eTable 7 as adverse events, and eTable 8 as serious adverse events. Basis: The footnotes refer to unrelated supplement tables. Verification: Match every Table 3 footnote citation to the supplement contents and headings."
jama.2024.6063,C10,Minor,Presentation inconsistency,Caption identifies baseline as “left” and 24 weeks as “right”; renderings are vertically stacked and unlabeled.,Supplementary figure,Footnote/title/caption/legend,jama.2024.6063/.ai_paper_validation/final_report.md,"10. C10 — Presentation inconsistency — Minor Location: Results supplement PDF page 15, eFigure. Compared values/statements: Caption identifies baseline as “left” and 24 weeks as “right”; renderings are vertically stacked and unlabeled. Basis: No left/right pair maps to the displayed layout, leaving time-point assignment ambiguous. Verification: Inspect source PDF page 15 and confirm top/bottom unlabeled renderings with a left/right caption."
jama.2025.11178,1,Major,Participant flow inconsistency,Overall randomized N=2331; at least 1 follow-up=2036; no/one/two/three follow-ups=295/188/283/1568. painTRAINER: 776; 643; 133/77/103/464. Health Coach: 778; 690; 88/47/81/564.,Supplementary table; Flow diagram,Count/percentage arithmetic; Participant-flow wording,jama.2025.11178/.ai_paper_validation/final_report.md,"1. Category: Participant flow inconsistency Severity: Major Location: DOC-005-RESULTS, PDF p. 7, eTable 1; corroboration: DOC-001-MAIN, PDF p. 5, Figure 1; DOC-006-XLSX, eTable 3, B2:E3. Values/statements: Overall randomized N=2331; at least 1 follow-up=2036; no/one/two/three follow-ups=295/188/283/1568. painTRAINER: 776; 643; 133/77/103/464. Health Coach: 778; 690; 88/47/81/564. Calculation/logical basis: Overall pattern total 295+188+283+1568=2334, 3 above 2331; follow-up pattern total 188+283+1568=2039, 3 above 2036. painTRAINER totals are 777 and 644; Health Coach totals are 780 and 692. Workbook partition is 295+468+1568=2331. Verification instruction: Reconcile eTable 1 pattern cells with participant-flow totals and source analysis output."
jama.2025.11178,2,Major,Statistical reporting inconsistency,"-0.28 (-0.47 to -0.08), P=.150; -0.20 (-0.36 to -0.03), P=.226; -0.30 (-0.58 to -0.02), P=.280; -0.47 (-0.74 to -0.19), P=.090; 0.19 (0.08 to 0.29), P=.069; 0.15 (0.05 to 0.24), P=.124; 0.16 (0.07 to 0.25), P=.077.",Supplementary table,CI/point-estimate compatibility; P value/test labeling; Effect measure/model label,jama.2025.11178/.ai_paper_validation/final_report.md,"2. Category: Statistical reporting inconsistency Severity: Major Location: DOC-005-RESULTS, PDF p. 8, eTable 3. Values/statements: -0.28 (-0.47 to -0.08), P=.150; -0.20 (-0.36 to -0.03), P=.226; -0.30 (-0.58 to -0.02), P=.280; -0.47 (-0.74 to -0.19), P=.090; 0.19 (0.08 to 0.29), P=.069; 0.15 (0.05 to 0.24), P=.124; 0.16 (0.07 to 0.25), P=.077. Calculation/logical basis: Each printed 95% CI excludes 0 while its paired P value exceeds .05. Verification instruction: Compare the seven rows with fitted-model output and restore coefficient, CI, and P-value alignment."
jama.2025.11178,3,Minor,Arithmetic inconsistency,Group N=1568; missing=2; current depression=711 (73.2).,Supplementary table,Denominator/population; Count/percentage arithmetic,jama.2025.11178/.ai_paper_validation/final_report.md,"3. Category: Arithmetic inconsistency Severity: Minor Location: DOC-006-XLSX, eTable 3, E3 and A82:E83. Values/statements: Group N=1568; missing=2; current depression=711 (73.2). Calculation/logical basis: Nonmissing denominator=1568-2=1566; 711/1566=45.4%, not 73.2%. Verification instruction: Recalculate E82 from source analysis output."
jama.2025.11178,4,Major,Statistical reporting inconsistency,"Eight cited SMD point estimates lie outside printed CIs, including pain severity at 12 months: -0.25 (-0.24 to 0.01) and -0.36 (-0.35 to -0.12); PGIC-pain at 12 months: -0.55 (-0.50 to 0.05), -0.57 (-0.54 to -0.08), and ",Other main table,Denominator/population; CI/point-estimate compatibility; Effect measure/model label; Summary-statistic/unit label; Footnote/title/caption/legend,jama.2025.11178/.ai_paper_validation/final_report.md,"4. Category: Statistical reporting inconsistency Severity: Major Location: DOC-001-MAIN, Table 3, PDF pp. 10-11 / JAMA pp. 601-602. Values/statements: Eight cited SMD point estimates lie outside printed CIs, including pain severity at 12 months: -0.25 (-0.24 to 0.01) and -0.36 (-0.35 to -0.12); PGIC-pain at 12 months: -0.55 (-0.50 to 0.05), -0.57 (-0.54 to -0.08), and -0.29 (-0.25 to 0.14). All 18 SMD cells in social-role and physical-function blocks across 3, 6, and 12 months display descending interval endpoints. Four cited SMDs have signs opposite to corresponding adjusted mean differences. Calculation/logical basis: Point estimates must fall within their stated CIs; CI limits should be lower-to-upper; Table 3 footnote d defines SMD as adjusted mean difference divided by a positive usual-care change SD, which cannot reverse sign. Verification instruction: Compare all affected SMD estimates, intervals, and comparison placement with source output and the stated standardization rule."
jama.2025.11178,5,Minor,Statistical reporting inconsistency,Text reports 3-month pain-severity SMDs -0.26 (painTRAINER vs usual care) and -0.36 (Health Coach vs usual care); Table 3 reports -0.25 and -0.34.,Other main table,Other wording/definition,jama.2025.11178/.ai_paper_validation/final_report.md,"5. Category: Statistical reporting inconsistency Severity: Minor Location: DOC-001-MAIN, Results—Secondary Outcomes, PDF p. 7 / JAMA p. 598; Table 3, PDF p. 10 / JAMA p. 601. Values/statements: Text reports 3-month pain-severity SMDs -0.26 (painTRAINER vs usual care) and -0.36 (Health Coach vs usual care); Table 3 reports -0.25 and -0.34. Calculation/logical basis: Published estimates for the same effects differ at two-decimal precision. Verification instruction: Identify authoritative source-output values and align text and Table 3."
jama.2025.11178,6,Minor,Presentation inconsistency,"Health Coach vs. painTRAINER 3M appears twice; both rows report RR 1.20, 95% CI 1.03 to 1.40, P=.019.",Supplementary table,CI/point-estimate compatibility; P value/test labeling; Duplicate/transposed content,jama.2025.11178/.ai_paper_validation/final_report.md,"6. Category: Presentation inconsistency Severity: Minor Location: DOC-005-RESULTS, PDF p. 9, eTable 4. Values/statements: Health Coach vs. painTRAINER 3M appears twice; both rows report RR 1.20, 95% CI 1.03 to 1.40, P=.019. Calculation/logical basis: Row label, time point, estimate, interval, and P value are exact duplicates within one table. Verification instruction: Compare row sequence with coefficient export; determine whether the second row should be removed or relabeled."
jama.2025.11178,7,Minor,Presentation inconsistency,"Each table contains two differently valued rows labeled Education: AA degree (ref = High school or less). eTable 4 has three rows labeled only Site; corresponding eTable 3 rows are Site 2, Site 3, and Site 4.",Supplementary table,Other wording/definition,jama.2025.11178/.ai_paper_validation/final_report.md,"7. Category: Presentation inconsistency Severity: Minor Location: DOC-005-RESULTS, PDF p. 8, eTable 3; PDF p. 9, eTable 4. Values/statements: Each table contains two differently valued rows labeled Education: AA degree (ref = High school or less). eTable 4 has three rows labeled only Site; corresponding eTable 3 rows are Site 2, Site 3, and Site 4. Calculation/logical basis: Printed labels do not unambiguously assign distinct coefficients to covariate levels. Verification instruction: Restore exact design-matrix level labels for education and site coefficients."
jama.2025.11178,8,Minor,Presentation inconsistency,"Randomized prior to 8/9/2021, N=454; 366 with at least 1 follow-up; PT=149, HC=153, UC=152 at 3-months.",Supplementary table,Count/percentage arithmetic; Participant-flow wording; Footnote/title/caption/legend,jama.2025.11178/.ai_paper_validation/final_report.md,"8. Category: Presentation inconsistency Severity: Minor Location: DOC-005-RESULTS, PDF p. 14, eTable 8, first subset header. Values/statements: Randomized prior to 8/9/2021, N=454; 366 with at least 1 follow-up; PT=149, HC=153, UC=152 at 3-months. Calculation/logical basis: 149+153+152=454, the full randomized subset; this cannot represent observed 3-month counts when 366 had at least one follow-up at any assessed time. Verification instruction: Check subset dataset and analysis definition to determine the correct label or counts."
jama.2025.11178,9,Minor,Presentation inconsistency,"Section heading: ADDITIONAL UNADJUSTED DATA AND ANALYSES; text says no adjustment, weighting, or imputation; title says adjusted relative risk; footnote b says calculated without adjustment.",Supplementary table,Effect measure/model label; Footnote/title/caption/legend,jama.2025.11178/.ai_paper_validation/final_report.md,"9. Category: Presentation inconsistency Severity: Minor Location: DOC-005-RESULTS, PDF p. 15, section lead-in, eTable 9 title, and footnote b. Values/statements: Section heading: ADDITIONAL UNADJUSTED DATA AND ANALYSES; text says no adjustment, weighting, or imputation; title says adjusted relative risk; footnote b says calculated without adjustment. Calculation/logical basis: Title directly conflicts with the nearby description and footnote. Verification instruction: Confirm model specification and make section text, title, and footnote consistent."
jama.2025.11178,10,Minor,Presentation inconsistency,Lead-in describes unadjusted mean secondary outcomes; eTable 11 title says Unadjusted Median and Interquartile Ranges; raw-score columns are medians/percentile ranges while comparison columns are mean differences.,Narrative/abstract; Supplementary table,Effect measure/model label; Summary-statistic/unit label; Footnote/title/caption/legend,jama.2025.11178/.ai_paper_validation/final_report.md,"10. Category: Presentation inconsistency Severity: Minor Location: DOC-005-RESULTS, PDF p. 15 lead-in; PDF p. 17, eTable 11 title/header. Values/statements: Lead-in describes unadjusted mean secondary outcomes; eTable 11 title says Unadjusted Median and Interquartile Ranges; raw-score columns are medians/percentile ranges while comparison columns are mean differences. Calculation/logical basis: Prose and table give incompatible summary-statistic descriptions for raw treatment-group results. Verification instruction: Compare eTable 11 with source analysis output and make prose, title, and headers use the correct description consistently."
jama.2025.15440,C-01,Minor,Statistical reporting inconsistency,Statistical reporting inconsistency,Narrative/abstract; Other figure,Denominator/population; Count/percentage arithmetic; CI/point-estimate compatibility; Effect measure/model label; Duplicate/transposed content; Participant-flow wording,jama.2025.15440/.ai_paper_validation/final_report.md,"### C-01 — Minor — Statistical reporting inconsistency - Location: Main article, PDF p. 1, structured-abstract Results; PDF p. 5, final Results paragraph; PDF p. 7, Figure 4B, “Any stroke” row. - Compared values: The abstract reports 69/2520 (2.7%) versus 64/2520 (2.5%), rate ratio 1.08 (95% CI, 0.76-1.53). The Results text and Figure 4B report the same counts, percentages, denominators, and rate ratio, but 95% CI 0.77-1.51. - Basis: Both CI limits differ (0.76 vs 0.77; 1.53 vs 1.51) for the same any-stroke comparison and stated 2.5-year time-to-event analysis; no alternative outcome, population, follow-up horizon, or analysis is identified for the abstract value. The point estimate and null-value interpretation are unchanged. - Verification: Compare the final structured-abstract Results sentence (p. 1), final Results paragraph (p. 5), and Figure 4B “Any stroke” row (p. 7); confirm the repeated 69-versus-64 result and determine whether 0.76-1.53 or 0.77-1.51 is intended."
jama.2025.16450,C-01,Minor,Presentation inconsistency,Undisclosed GDB-status denominators,Supplementary table,Denominator/population; Count/percentage arithmetic; Footnote/title/caption/legend,jama.2025.16450/.ai_paper_validation/final_report.md,"### C-01 - Undisclosed GDB-status denominators - Category / severity: Presentation inconsistency / Minor. - Exact location: Results supplement, PDF p. 2, eTable 1, ""GDB status (up to 120 days postnatal age), n (%)"" and footnotes. - Compared values: Headers: ITT 641, ITT excluding untreated 635, SAF 635, PP 617. Status counts respectively: 340+189+16+86=631; 337+189+16+86=628; 337+189+16+86=628; 329+184+15+84=612. No nonmissing denominator or missing/unknown row is displayed. - Calculation / logical basis: Printed percentages use the row sums: 340/631=53.9% (not 340/641=53.0%); 337/628=53.7% (not 337/635=53.1%); 329/612=53.8% (not 329/617=53.3%). The undisclosed differences are 10, 7, 7, and 5 participants. - Verification instruction: Sum the four status rows per column; recompute using both header and row-sum denominators; confirm whether to add nonmissing denominators or a missing/unknown row."
jama.2025.16450,C-02,Minor,Presentation inconsistency,"eTable 3 B+S percentages imply n=321, not header n=322",Supplementary table,Denominator/population; Count/percentage arithmetic; Footnote/title/caption/legend,jama.2025.16450/.ai_paper_validation/final_report.md,"### C-02 - eTable 3 B+S percentages imply n=321, not header n=322 - Category / severity: Presentation inconsistency / Minor. - Exact location: Results supplement, PDF p. 5, eTable 3, Budesonide + Surfactant column; complete notes, PDF p. 6. - Compared values: Header n=322; cells: 242 (75.4), 240 (74.8), 214 (66.7), and 22 (6.9). Notes give no alternate denominator. - Calculation / logical basis: At 322: 242/322=75.2%, 240/322=74.5%, 214/322=66.5%, 22/322=6.8%. At 321, each reproduces the printed percentage to one decimal: 75.4%, 74.8%, 66.7%, 6.9%. - Verification instruction: Compare the p. 5 header/cells with p. 6 notes; confirm whether the denominator is 321 and disclose it (or use n/N), otherwise correct the header or percentages."
jama.2025.16450,C-03,Minor,Presentation inconsistency,Baseline FIO2 control-arm total differs between Table 1 and Figure 2,Table 1/baseline; Other figure,Count/percentage arithmetic; Participant-flow wording; Footnote/title/caption/legend,jama.2025.16450/.ai_paper_validation/final_report.md,"### C-03 - Baseline FIO2 control-arm total differs between Table 1 and Figure 2 - Category / severity: Presentation inconsistency / Minor. - Exact location: Main article, PDF p. 6 / printed p. 1457, Table 1 ""FIO2 at baseline"" and ""High FIO2 (>=0.5)""; PDF p. 9 / printed p. 1460, Figure 2 ""Baseline FIO2"" and footnote c. - Compared values: Table 1: B+S n=228, high 86/228; surfactant-alone n=230, high 81/230. Figure 2: B+S <0.50=142 and >=0.50=86; surfactant-alone <0.50=150 and >=0.50=81. Both describe last pretreatment FIO2. - Calculation / logical basis: B+S reconciles: 142+86=228. Table 1 implies surfactant-alone <0.50=230-81=149; Figure 2 reports 150 and totals 231. Figure 2 total=459=641-182 excluded; Table 1 total=458. No visible note explains the one-participant difference. - Verification instruction: Compare Table 1 with Figure 2 and footnote c; check the subgroup input to establish whether surfactant-alone <0.50 is 149 or 150."
jama.2025.16450,C-04,Minor,Presentation inconsistency,"eTable 4 expands RR as ""risk difference""",Supplementary table,CI/point-estimate compatibility; Effect measure/model label; Summary-statistic/unit label; Footnote/title/caption/legend,jama.2025.16450/.ai_paper_validation/final_report.md,"### C-04 - eTable 4 expands RR as ""risk difference"" - Category / severity: Presentation inconsistency / Minor. - Exact location: Results supplement, PDF p. 7, eTable 4 header and RR-labelled binary estimates; PDF p. 8, abbreviation line and binary-outcome methods note. - Compared statements: Header: ""Relative Risk (RR) or Mean Difference (MD) (95% CI)""; binary rows use RR; methods: binary outcomes report relative risks estimated by robust Poisson regression; abbreviation line: RR = risk difference. - Logical basis: The abbreviation conflicts with the header, estimate labels, and methods. Main article PDF p. 8 / printed p. 1459, Table 3, separately defines RD as risk difference and RR as relative risk. - Verification instruction: Compare the p. 7 header/RR estimates with the p. 8 abbreviation and methods lines; if confirmed, change the expansion to RR = relative risk."
jama.2025.19563,C-06,Major,Cross-document inconsistency,Figure 3B ranked axes end at Human 149 and AI 151. Vector inspection identified at least 117 Human-colored and 121 AI-colored nonzero bars. eTable 14 reports HbA1c-change populations of Human N=103 and AI N=106. DOC-001 ,Supplementary table; Other figure,Denominator/population; Footnote/title/caption/legend,jama.2025.19563/.ai_paper_validation/final_report.md,"### 1. C-06 — Cross-document inconsistency — Major - Location: DOC-001 PDF p. 8, Figure 3B; DOC-001 p. 3, Outcomes; DOC-003 PDF p. 57, eTable 14. - Compared values/statements: Figure 3B ranked axes end at Human 149 and AI 151. Vector inspection identified at least 117 Human-colored and 121 AI-colored nonzero bars. eTable 14 reports HbA1c-change populations of Human N=103 and AI N=106. DOC-001 limits this endpoint to baseline HbA1c 5.7%-6.4%. - Basis: The figure demonstrably displays a larger HbA1c analysis set than the co-cited table without caption explanation. Exact underlying figure N is not asserted. - Verification instruction: Count plotting-data records and reconcile the Figure 3B inclusion rule with eTable 14 and the stated HbA1c restriction."
jama.2025.19563,C-01,Minor,Arithmetic inconsistency,Column denominator N=59; cell 10 (19%); preceding row reports the same numerator as 10 (17%).,Supplementary table,Denominator/population; Count/percentage arithmetic,jama.2025.19563/.ai_paper_validation/final_report.md,"### 2. C-01 — Arithmetic inconsistency — Minor - Location: DOC-003 PDF p. 55, eTable 12, second component-pattern row, Human-led DPP column. - Compared values: Column denominator N=59; cell 10 (19%); preceding row reports the same numerator as 10 (17%). - Basis: 10/59 × 100 = 16.95%, which rounds to 17%, not 19%. - Verification instruction: Inspect the cited cell and denominator and recompute 10/59."
jama.2025.19563,C-03,Minor,Presentation inconsistency,"The footnote cites eTable 4 “overall,” eTable 6 “by site,” and eTable 7 “by baseline HbA1c.” Matching supplement titles are eTable 3 (p. 39, overall), eTable 5 (p. 42, by site), and eTable 6 (p. 44, by baseline A1C). eTa",Supplementary table,Denominator/population; Cross-reference/citation; Footnote/title/caption/legend,jama.2025.19563/.ai_paper_validation/final_report.md,"### 3. C-03 — Presentation inconsistency — Minor - Location: DOC-001 PDF p. 6, main Table footnote a; DOC-003 PDF pp. 39-47. - Compared statements: The footnote cites eTable 4 “overall,” eTable 6 “by site,” and eTable 7 “by baseline HbA1c.” Matching supplement titles are eTable 3 (p. 39, overall), eTable 5 (p. 42, by site), and eTable 6 (p. 44, by baseline A1C). eTable 4 concerns eligibility and eTable 7 completion status. - Basis: All three cited table numbers do not match their parenthetical descriptors. - Verification instruction: Compare each descriptor with the supplement title; verify whether citations should be eTables 3, 5, and 6."
jama.2025.19563,C-04,Minor,Statistical reporting inconsistency,"Footnote 1 reports age P=.010, sex P=.041, and all other characteristics P>.05. Footnote 2 reports age P=.014 and says all other baseline characteristics were similar (P>.05).",Table 1/baseline; Supplementary table,Denominator/population; P value/test labeling; Footnote/title/caption/legend,jama.2025.19563/.ai_paper_validation/final_report.md,"### 4. C-04 — Statistical reporting inconsistency — Minor - Location: DOC-003 PDF pp. 53-54, eTable 11, age row and footnotes 1-2. - Compared values/statements: Footnote 1 reports age P=.010, sex P=.041, and all other characteristics P>.05. Footnote 2 reports age P=.014 and says all other baseline characteristics were similar (P>.05). - Basis: The table assigns age two unexplained P values; footnote 2 also conflicts with the significant sex result. - Verification instruction: Establish which age P value applies to the eTable 11 N=151/N=149 population and identify or remove the other footnote."
jama.2025.19563,C-05,Minor,Presentation inconsistency,Figure 3 labels 32.2 (28.2-35.9) kg/m² and 32.5 (29.3-37.7) kg/m² as baseline median “weight.” The Table reports the identical values as BMI.,Other figure; Other main table,Summary-statistic/unit label; Duplicate/transposed content; Footnote/title/caption/legend,jama.2025.19563/.ai_paper_validation/final_report.md,"### 5. C-05 — Presentation inconsistency — Minor - Location: DOC-001 PDF p. 8, Figure 3 footnote a; comparator main Table, PDF p. 6. - Compared values/statements: Figure 3 labels 32.2 (28.2-35.9) kg/m² and 32.5 (29.3-37.7) kg/m² as baseline median “weight.” The Table reports the identical values as BMI. - Basis: The unit and values identify BMI rather than weight. - Verification instruction: Compare Figure 3 footnote a with the Table BMI, median (IQR) row."
jama.2025.19563,C-07,Minor,Cross-document inconsistency,The supplement states 0.2% A1C reduction; the main article defines an absolute decrease of at least 0.2 percentage points. Both report 35/130 in each arm.,Supplementary figure; Other figure,Count/percentage arithmetic; Summary-statistic/unit label; Footnote/title/caption/legend,jama.2025.19563/.ai_paper_validation/final_report.md,"### 6. C-07 — Cross-document inconsistency — Minor - Location: DOC-003 PDF p. 34, eFigure 3 row label and footnote 3; DOC-001 PDF p. 3 and Figure 2, p. 7. - Compared statements: The supplement states 0.2% A1C reduction; the main article defines an absolute decrease of at least 0.2 percentage points. Both report 35/130 in each arm. - Basis: Percent and percentage points are not equivalent; matching counts show the same endpoint is labeled differently. - Verification instruction: Compare the exact endpoint wording and revise the supplement label if it represents the same endpoint."
jama.2025.20765,F01,Major,Cross-document inconsistency,omitted mHealth cluster,Table 1/baseline; Supplementary table,Count/percentage arithmetic,jama.2025.20765/.ai_paper_validation/final_report.md,"## F01 — Major — Cross-document inconsistency: omitted mHealth cluster - Location: joi250093supp2_prod_1768590553.09463.pdf, p4, eTable 2 and p8, eTable 5; jama_zahid_2025_oi_250093_1768590553.08463.pdf, p5, Table 1. - Source evidence: eTable 2 contains 17 mHealth sites totaling 680 participants and 168 prior-attempt “Yes” responses, omitting site 2012. eTable 5 identifies site 2012 as an mHealth cluster of 40 participants. Table 1 reports 178/720. - Basis: 720 − 680 = 40; 178 − 168 = 10. - Verification: Sum the mHealth rows in eTable 2, compare with Table 1, and confirm site 2012 in eTable 5."
jama.2025.20765,F02,Major,Cross-document inconsistency,adverse-event direction reversed,Narrative/abstract; Supplementary table,Count/percentage arithmetic; Duplicate/transposed content,jama.2025.20765/.ai_paper_validation/final_report.md,"## F02 — Major — Cross-document inconsistency: adverse-event direction reversed - Location: jama_zahid_2025_oi_250093_1768590553.08463.pdf, p5; joi250093supp2_prod_1768590553.09463.pdf, p15, eTable 10. - Source evidence: Main text states that dry mouth, irritability, and anxiety were more common with mHealth. eTable 10 reports irritability 283/699 versus 145/334 and anxiety 233/699 versus 123/334. - Basis: Irritability is 40.5% versus 43.4%, and anxiety is 33.3% versus 36.8%; both are lower in mHealth. Only dry mouth follows the stated direction. - Verification: Sum the non-None severity categories by arm and compare them with the prose statement."
jama.2025.20765,F03,Minor,Arithmetic inconsistency,site 2008 death percentage,Supplementary table,Denominator/population; Count/percentage arithmetic,jama.2025.20765/.ai_paper_validation/final_report.md,"## F03 — Minor — Arithmetic inconsistency: site 2008 death percentage - Location: joi250093supp2_prod_1768590553.09463.pdf, p9, eTable 6 and p8, eTable 5. - Source evidence: eTable 6 reports site 2008 as 5 (7.5) deaths; eTable 5 gives a denominator of 40. - Basis: 5/40 = 12.5%, not 7.5%. - Verification: Confirm the site denominator and recalculate the percentage."
jama.2025.20765,F04,Minor,Arithmetic inconsistency,death-cause percentages,Supplementary table,Count/percentage arithmetic,jama.2025.20765/.ai_paper_validation/final_report.md,"## F04 — Minor — Arithmetic inconsistency: death-cause percentages - Location: joi250093supp2_prod_1768590553.09463.pdf, p6, eTable 4. - Source evidence: With 27 usual-care deaths, “Drug user” and “Severe pneumonia” are each printed as 1 (7.4%). - Basis: 1/27 = 3.7%, not 7.4%. Other conventional one-decimal discrepancies include 3/52 = 5.8% (printed 5.7%), 8/52 = 15.4% (printed 15.2%), and 16/27 = 59.3% (printed 59.2%). - Verification: Recalculate every percentage using column totals 52, 25, and 27."
jama.2025.20765,F05,Minor,Statistical reporting inconsistency,adverse-event percentages,Narrative/abstract; Supplementary table,Count/percentage arithmetic,jama.2025.20765/.ai_paper_validation/final_report.md,"## F05 — Minor — Statistical reporting inconsistency: adverse-event percentages - Location: jama_zahid_2025_oi_250093_1768590553.08463.pdf, p5; joi250093supp2_prod_1768590553.09463.pdf, p15, eTable 10. - Source evidence: Main text reports nausea 23.0% versus 22.3% and diarrhea 7.5% versus 7.5%. eTable 10 gives control nausea 71/334 and mHealth diarrhea 51/699. - Basis: 71/334 = 21.3%, not 22.3%; 51/699 = 7.3%, not 7.5%. - Verification: Sum mild, moderate, and severe counts and divide by each arm total."
jama.2025.20765,F06,Minor,Presentation inconsistency,adverse-event population unidentified,Supplementary table,Denominator/population; Count/percentage arithmetic; Participant-flow wording,jama.2025.20765/.ai_paper_validation/final_report.md,"## F06 — Minor — Presentation inconsistency: adverse-event population unidentified - Location: joi250093supp2_prod_1768590553.09463.pdf, pp15-16, eTable 10. - Source evidence: Complete symptom blocks total 699 mHealth and 334 control, but the table does not identify this population or its missingness. - Basis: These denominators differ from randomized 720/360, complete-case 667/318, and death-excluded 695/333 populations. - Verification: Sum the severity rows and compare 699/334 with the documented populations and table notes."
jama.2025.20765,F07,Minor,Statistical reporting inconsistency,ITT label after deaths excluded,Supplementary table; Flow diagram,Denominator/population; Count/percentage arithmetic; Participant-flow wording; Footnote/title/caption/legend,jama.2025.20765/.ai_paper_validation/final_report.md,"## F07 — Minor — Statistical reporting inconsistency: ITT label after deaths excluded - Location: jama_zahid_2025_oi_250093_1768590553.08463.pdf, p3 and p6, Table 2; joi250093supp2_prod_1768590553.09463.pdf, p13, eTable 9. - Source evidence: The main article distinguishes primary ITT from a post hoc death-excluded analysis; Table 2 ITT is 720/360. eTable 9 calls a 695/333 death-excluded analysis ITT. - Basis: 720 − 25 = 695; 360 − 27 = 333. - Verification: Compare the eTable 9 title and denominators with the methods, Figure 1, and Table 2."
jama.2025.20765,F08,Minor,Presentation inconsistency,eTable 6 title/body mismatch,Supplementary table,Footnote/title/caption/legend,jama.2025.20765/.ai_paper_validation/final_report.md,"## F08 — Minor — Presentation inconsistency: eTable 6 title/body mismatch - Location: joi250093supp2_prod_1768590553.09463.pdf, p9, eTable 6. - Source evidence: The title promises death rates and unsuccessful tuberculosis treatment outcomes; the body contains only arm, site ID, and deaths. - Basis: No column, row, or note presents unsuccessful-treatment outcomes. - Verification: Compare the complete title with every displayed column and note."
jama.2025.250116,C01,Minor,Statistical reporting inconsistency,Statistical reporting inconsistency,Narrative/abstract; Supplementary table,Count/percentage arithmetic; P value/test labeling,jama.2025.250116/.ai_paper_validation/final_report.md,"1. C01 — Minor — Statistical reporting inconsistency Location: DOC-001-MAIN PDF p 6, Table 2; p 7, “Secondary End Points”; DOC-003-RESULTS-SUPP PDF p 22, eTable 10. Compared values: Table 2 reports 52/131 (39.7%); narrative reports 51/131 (39.7%); eTable 10 strata are 12/25 and 40/106. Basis: 12 + 40 = 52; 52/131 = 39.7%, whereas 51/131 = 38.9%. Verify: Reconcile the narrative numerator and percentage with Table 2 and eTable 10."
jama.2025.250116,C02,Minor,Arithmetic inconsistency,Arithmetic inconsistency,Supplementary table,Count/percentage arithmetic; CI/point-estimate compatibility; P value/test labeling,jama.2025.250116/.ai_paper_validation/final_report.md,"2. C02 — Minor — Arithmetic inconsistency Location: DOC-003-RESULTS-SUPP PDF p 22, eTable 10, “SII days 2-15” row. Compared values: Reported 40/106 versus 29/122; OR 1.194 (95% CI, 1.09-3.45), P=.030. Basis: Non-events are 66 and 93; cross-product OR = (40×93)/(66×29) = 1.9436. The printed CI is approximately compatible with 1.94. Verify: Recalculate the displayed crude OR and confirm the intended reported point estimate."
jama.2025.250116,C03,Minor,Statistical reporting inconsistency,Statistical reporting inconsistency,Supplementary figure,Count/percentage arithmetic; CI/point-estimate compatibility; P value/test labeling,jama.2025.250116/.ai_paper_validation/final_report.md,"3. C03 — Minor — Statistical reporting inconsistency Location: DOC-003-RESULTS-SUPP PDF p 53, eFigure 9, panel B, APACHE II ≥25 entry. Compared values: Reported OR 0.11 (95% CI, 0.36-3.42), P=.86; panel-A cells are 31/38 versus 32/40. Basis: The reported point estimate lies outside its CI. Displayed cells yield (31×8)/(7×32) = 1.107, with approximate CI 0.358-3.421. Verify: Confirm the point estimate, CI, and linked event cells in the source analysis."
jama.2025.250116,C04,Major,Presentation inconsistency,Presentation inconsistency,Supplementary figure,Denominator/population; Duplicate/transposed content,jama.2025.250116/.ai_paper_validation/final_report.md,"4. C04 — Major — Presentation inconsistency Location: DOC-003-RESULTS-SUPP PDF pp 51-52, eFigures 7-8, panel B. Compared values: eFigure 8 repeats all six eFigure 7 panel-B OR/CI/P triplets, although eFigure 8 presents 28-day mortality with different displayed event cells. Basis: eFigure 8 high-stratum mortality cells yield approximate ORs 0.66, 0.42, and 0.46, rather than the repeated 1.85, 5.79, and 3.08. Verify: Compare eFigure 8 panel-B labels and annotations against its displayed mortality cells and source output."
jama.2025.250116,C05,Major,Statistical reporting inconsistency,Statistical reporting inconsistency,Narrative/abstract; Supplementary figure; Other figure,Denominator/population; P value/test labeling; Effect measure/model label; Footnote/title/caption/legend,jama.2025.250116/.ai_paper_validation/final_report.md,"5. C05 — Major — Statistical reporting inconsistency Location: DOC-003-RESULTS-SUPP PDF pp 51 and 53, eFigures 7 and 9, panel B/captions; DOC-001-MAIN PDF p 8, “Post Hoc and Subgroup Analyses.” Compared statements: eFigures 7 and 9 label high-stratum treatment ORs as interaction tests; the main text interprets selected entries as interactions. Basis: eFigure 7 high-stratum ORs reconstruct as 1.846, 5.798, and 3.084; for SOFA, the low-stratum OR is 2.019, making the crude ratio of stratum-specific treatment ORs approximately 1.53, not 3.08. eFigure 9 high-stratum CCI and SOFA estimates similarly reconstruct as 0.4875 and 0.5253. This finding is independently supported without eFigure 8. Verify: Confirm whether the panel-B values are within-high-stratum treatment effects or interaction-test estimates, and align figure labels/captions and main-text interpretation accordingly."
jama.2025.250116,C06,Minor,Presentation inconsistency,Presentation inconsistency,Supplementary table,Denominator/population; Count/percentage arithmetic; P value/test labeling,jama.2025.250116/.ai_paper_validation/final_report.md,"6. C06 — Minor — Presentation inconsistency Location: DOC-003-RESULTS-SUPP PDF p 30, eTable 14, “severe” row, SII/rhIFNγ column. Compared value: Displayed cell: 45 42.5). Basis: The opening parenthesis is missing; 45/106 = 42.45%, which rounds to 42.5%. Verify: Correct the cell notation while retaining the displayed count and percentage if confirmed."
jama.2025.250116,C07,Minor,Presentation inconsistency,Presentation inconsistency,Supplementary table,P value/test labeling; Duplicate/transposed content; Footnote/title/caption/legend,jama.2025.250116/.ai_paper_validation/final_report.md,"7. C07 — Minor — Presentation inconsistency Location: DOC-003-RESULTS-SUPP PDF p 30, eTable 14, “probably related” row, MALS/anakinra column. Compared value: Displayed cell: 0 0 (0.0). Basis: The table heading specifies n (%); the first zero is duplicated. Verify: Confirm the intended zero-event cell and remove the duplicate character."
jama.2025.4390,SCI-01,Major,Presentation inconsistency,Figure 3 rate columns contain person-time values,Other figure; Other main table,Count/percentage arithmetic; P value/test labeling; Summary-statistic/unit label; Footnote/title/caption/legend,jama.2025.4390/.ai_paper_validation/final_report.md,"### 1. SCI-01 — Figure 3 rate columns contain person-time values - Category / severity: Presentation inconsistency / Major. - Location: Main article, PDF p. 9 (printed p. 2069), Figure 3, both columns headed Rate per 100 patient-years; compare Table 2, PDF p. 8 (printed p. 2068), primary-outcome row. - Compared values: Figure 3 gives bedtime 163 events and 71.0, and morning 173 events and 71.0; Table 2 gives rates 2.30 and 2.44 per 100 patient-years, respectively. Bedtime sex subgroup values 30.5 + 40.5 = 71.0. - Basis: 163 / 2.30 × 100 = 7087.0 and 173 / 2.44 × 100 = 7090.2 patient-years, approximately 70.9 hundreds of patient-years. Thus 71.0 behaves as person-time in hundreds of patient-years, not as a rate. - Verification: Compare Figure 3 with Table 2 and inspect figure-generation data; correct the heading or displayed values."
jama.2025.4390,TAC-01,Minor,Presentation inconsistency,Duplicated ethnicity row in eTable 5,Supplementary table,Count/percentage arithmetic; Duplicate/transposed content; Footnote/title/caption/legend,jama.2025.4390/.ai_paper_validation/final_report.md,"### 2. TAC-01 — Duplicated ethnicity row in eTable 5 - Category / severity: Presentation inconsistency / Minor. - Location: Results supplement, PDF p. 37, eTable 5, Ethnicity - no. (%), White/Caucasian and Other; compare eTable 3, PDF p. 29. - Compared values: Morning (n=44): White/Caucasian 40 (90.9) and Other 40 (90.9); bedtime (n=57): White/Caucasian 53 (93.0) and Other 53 (93.0). No eTable 5 footnote authorizes overlapping categories. - Basis: Eight displayed ethnicity counts total 85/44 = 193.2% (morning) and 111/57 = 194.7% (bedtime); Other exactly duplicates White/Caucasian. - Verification: Compare the two rows and inspect the source export for the intended Other values or row placement."
jama.2025.4390,SCI-02,Minor,Statistical reporting inconsistency,Figure 3 footnote misstates the all-patients CI as unadjusted,Narrative/abstract; Other figure; Other main table,Denominator/population; CI/point-estimate compatibility; Effect measure/model label; Duplicate/transposed content; Footnote/title/caption/legend,jama.2025.4390/.ai_paper_validation/final_report.md,"### 3. SCI-02 — Figure 3 footnote misstates the all-patients CI as unadjusted - Category / severity: Statistical reporting inconsistency / Minor. - Location: Main article, PDF p. 9 (printed p. 2069), Figure 3 all-patients row and footnote; compare Results text, PDF p. 6 (printed p. 2066), and Table 2, PDF p. 8 (printed p. 2068). - Compared statements: Figure 3 reports HR 0.96 (95% CI, 0.77-1.19) and says, All confidence intervals are unadjusted. Results text identifies 0.96 (95% CI, 0.77-1.19) as adjusted and 0.94 (95% CI, 0.76-1.17) as unadjusted; Table 2 repeats the adjusted value. - Basis: The displayed all-patients estimate exactly matches the adjusted, not unadjusted, analysis; the universal footnote is false for that row. - Verification: Compare the Figure 3 row/footnote with pp. 6 and 8; limit the footnote to subgroup rows or amend the all-patients row."
jama.2025.4390,SCI-03,Minor,Statistical reporting inconsistency,Identical displayed binary comparisons have different P values,Supplementary table,Denominator/population; P value/test labeling; Duplicate/transposed content,jama.2025.4390/.ai_paper_validation/final_report.md,"### 4. SCI-03 — Identical displayed binary comparisons have different P values - Category / severity: Statistical reporting inconsistency / Minor. - Location: Results supplement, PDF p. 39, eTable 5, Type of BP-lowering med - no. (%), Diuretic and Combination BP med; denominators on PDF p. 37. - Compared values: Morning n=44 and bedtime n=57. Diuretic: 9 (20.5) vs 16 (28.1), P=.34; Combination BP med: identical 9 (20.5) vs 16 (28.1), P=.38. - Basis: Both displayed comparisons are 9 yes/35 no versus 16 yes/41 no. The table states no different denominator, adjustment, or procedure; identical displayed comparisons cannot yield different P values under the same comparison. - Verification: Re-run or inspect source output for both rows using n=44 and n=57; identify the incorrect count or P value."
jama.2025.4390,FFC-01,Minor,Arithmetic inconsistency,British Columbia city counts exceed the province header,Supplementary table; Supplementary figure; Other figure,Count/percentage arithmetic; Footnote/title/caption/legend,jama.2025.4390/.ai_paper_validation/final_report.md,"### 5. FFC-01 — British Columbia city counts exceed the province header - Category / severity: Arithmetic inconsistency / Minor. - Location: Results supplement, PDF p. 22, eFigure 1, Location of Participating Practices, British Columbia; compare eTable 1, PDF p. 27. - Compared values: BC header 43; city counts 12+1+1+1+1+1+1+1+4+12+1+3+3+2. Province headers are BC 43, Alberta 326, Saskatchewan 22, Manitoba 29, Ontario 16; eTable 1 reports 436 PCPs. - Basis: BC city counts total 44, not 43. Province headers total 43+326+22+29+16=436, matching eTable 1; the BC listing is internally off by one. - Verification: Recount the BC entries and inspect figure source data to determine whether the header or a city count is incorrect."
jama.2025.4390,FFC-02,Minor,Presentation inconsistency,Bedtime diuretic adherence differs between eFigure 4 and eTable 6,Supplementary table; Supplementary figure; Other figure,Count/percentage arithmetic,jama.2025.4390/.ai_paper_validation/final_report.md,"### 6. FFC-02 — Bedtime diuretic adherence differs between eFigure 4 and eTable 6 - Category / severity: Presentation inconsistency / Minor. - Location: Results supplement, PDF p. 26, eFigure 4 bedtime/PM Diuretic bar; compare eTable 6, PDF p. 42, bedtime Diuretic rows. - Compared values: Figure: 278 as allocated, 138 off allocation, 8 twice or more daily. Table: n=424, 277/424 as allocated, 139/424 off allocation, 8/424 twice or more daily. - Basis: Both displays total 424 (278+138+8 and 277+139+8) but allocate one medication differently between the first two categories. - Verification: Compare both displays and inspect the 6-month medication-timing source export to determine the correct categorization."
jama.2025.4390,FFC-03,Minor,Arithmetic inconsistency,Calcium-channel-blocker percentage is arithmetically wrong in two tables,Table 1/baseline; Supplementary table,Denominator/population; Count/percentage arithmetic; Duplicate/transposed content,jama.2025.4390/.ai_paper_validation/final_report.md,"### 7. FFC-03 — Calcium-channel-blocker percentage is arithmetically wrong in two tables - Category / severity: Arithmetic inconsistency / Minor. - Location: Main article, PDF p. 6 (printed p. 2066), Table 1 continued, Calcium channel blocker; repeated in results supplement, PDF p. 32, eTable 3. - Compared values: Bedtime n=1677, 479 (28.2) in both tables; morning 489/1680 (29.1) and overall 968/3357 (28.8). - Basis: 479/1677×100=28.5629%, which rounds to 28.6%, not 28.2%, to one decimal. The comparison cells reconcile. - Verification: Check the intended numerator and denominator in the source table; correct the repeated percentage or source count."
jama.2025.7583,1,Minor,Presentation inconsistency,Inclusion label applied to excluded patients,Supplementary figure; Flow diagram,Duplicate/transposed content; Participant-flow wording; Footnote/title/caption/legend,jama.2025.7583/.ai_paper_validation/final_report.md,"### 1. Inclusion label applied to excluded patients - Category / severity: Presentation inconsistency / Minor. - Exact location: DOC-001-MAIN, jama_shotar_2025_oi_250033_1750956987.75881.pdf, PDF p. 4, Figure 1 footnote a; DOC-004-RESULTS-SUPP, joi250033supp4_prod_1750956987.77981.pdf, PDF p. 8, eFigure 1 title and exclusion box. - Compared statements: Figure 1 directs readers to reasons for excluding patients “with an inclusion criterion.” eFigure 1 repeats “reasons for excluding patients with an inclusion criterion,” while its Excluded (n=317) box includes Other pre-specified non-inclusion criteria (n=164), Patient refusal (n=101), Other reasons (n=18), and Unknown reasons (n=34). - Logical basis: The label lacks a not meeting or non- qualifier despite the displayed non-inclusion and other exclusion categories. This is a localized labeling defect only; it does not establish incorrect counts, allocation, analyses, or conclusions. - Verification instruction: Read the complete p. 4 footnote and p. 8 eFigure 1 title and four top-level categories; confirm that no not meeting or non- qualifier precedes inclusion criterion."
jama.2025.7583,2,Minor,Presentation inconsistency,MAGIC-MT usual-care event count omitted,Supplementary table,Count/percentage arithmetic; CI/point-estimate compatibility; Summary-statistic/unit label,jama.2025.7583/.ai_paper_validation/final_report.md,"### 2. MAGIC-MT usual-care event count omitted - Category / severity: Presentation inconsistency / Minor. - Exact location: DOC-004-RESULTS-SUPP, joi250033supp4_prod_1750956987.77981.pdf, PDF p. 14, eTable 4, MAGIC-MT row, Primary outcome column. - Compared values/statements: The cell states: 24 patients (6.7%) reached the primary outcome in the intervention group as compared to (9.9%) in the usual-care group (between-group difference, -3.3 percentage points; 95% confidence interval, -7.4 to 0.8; P = 0.10). No usual-care numerator appears before (9.9%). The adjacent EMBOLISE and STEM rows display counts for both groups. - Logical basis: One arm’s event count is absent, leaving the comparative sentence incomplete and preventing direct verification of the usual-care count from this table cell. The percentage and treatment-effect statistics remain displayed; no numerical contradiction or impact on conclusions is established. - Verification instruction: Inspect the MAGIC-MT cell at native magnification; confirm no control numerator precedes (9.9%) and compare the two-arm count formatting in EMBOLISE and STEM immediately above."
jama.2025.7710,1,Major,Presentation inconsistency,Primary composite outcome analysis-unit labels conflict,Narrative/abstract; Supplementary table; Flow diagram,Denominator/population; Count/percentage arithmetic; Summary-statistic/unit label; Duplicate/transposed content; Participant-flow wording,jama.2025.7710/.ai_paper_validation/final_report.md,"## 1. Primary composite outcome analysis-unit labels conflict - Category: Presentation inconsistency - Severity: Major - Exact location: DOC-001, jama_kumar_2025_oi_250034_1750956984.08518.pdf: PDF p. 1, Abstract Results; p. 4, Results and Figure 1 terminal boxes; p. 6, “Primary and Secondary Outcomes”; p. 7, Table 3 and site-specific reporting; p. 8, Figure 2. DOC-004, joi250034supp3_prod_1750956984.12018.pdf: PDF p. 3, eTable 2 primary-outcome rows. - Compared values/statements: DOC-001 p. 1 and p. 6 report 83/1625 and 84/1625 as women. DOC-001 p. 4 states that the primary end point was available for 3250 infants and Figure 1 labels 1625 infants with primary outcome in each group. DOC-001 p. 8 Figure 2 uses the same 83/1625 and 84/1625 totals under “total No. of patients.” DOC-004 p. 3 eTable 2 partitions the same values: 16+67=83 and 24+60=84; 883+742=1625 and 887+738=1625. - Calculation/logical basis: Identical primary-outcome records and denominators are labeled infants, women, and patients. The article separately enumerates randomized women and infants. - Verification instruction: Confirm the intended primary-outcome analysis unit in the cited source pages; harmonize the Abstract, Results, Table 3/site-specific reporting, and Figure 2 labels."
jama.2025.7710,2,Minor,Presentation inconsistency,Placebo ethnicity percentages use different denominator conventions,Narrative/abstract; Table 1/baseline,Denominator/population; Count/percentage arithmetic; Participant-flow wording,jama.2025.7710/.ai_paper_validation/final_report.md,"## 2. Placebo ethnicity percentages use different denominator conventions - Category: Presentation inconsistency - Severity: Minor - Exact location: DOC-001, jama_kumar_2025_oi_250034_1750956984.08518.pdf, PDF p. 4, Results “Participants and Adherence” ethnicity paragraph; PDF p. 5, Table 1 ethnicity rows. - Compared values/statements: Table 1 uses placebo ethnicity n=1629 and reports Australia/New Zealand as 874 (53.7%) and Pacific Islander as 53 (3.3%). The adjacent prose uses the full placebo cohort n=1631, including 2 missing observations, and reports the same counts as 874 (53.6%) and 53 (3.2%). - Calculation/logical basis: 874/1629=53.65%, displayed as 53.7%; 53/1629=3.25%, displayed as 3.3%. Using all randomized placebo participants, 874/1631=53.59%, displayed as 53.6%; 53/1631=3.25%, displayed as 3.2% at the shown precision. The counts agree, but the denominator convention is not explained consistently. - Verification instruction: Confirm whether ethnicity percentages should use nonmissing observations (n=1629) or all randomized placebo participants (n=1631, including missing observations), then apply or explicitly state that convention consistently."
jama.2025.9110,1,Minor,Arithmetic inconsistency,Period 3 augmented-protein sex counts do not reconcile,Table 1/baseline; Supplementary table,Denominator/population; Count/percentage arithmetic; Footnote/title/caption/legend,jama.2025.9110/.ai_paper_validation/final_report.md,"### 1. Period 3 augmented-protein sex counts do not reconcile - Category / severity: Arithmetic inconsistency / Minor. - Location: D04, PDF p. 10, eTable 4, Period 3—Augmented Protein, Sex rows; compare D01, PDF p. 5, Table 1, Sex rows. - Compared values: D04: n=551, male 359 (65.2), female 190 (34.5); D01 overall augmented-protein: male 1070 (63.7), female 611 (36.3), n=1681. - Basis: 359 + 190 = 549, two below 551; percentages total 99.7%. Across augmented periods, male 303+187+359+220=1069 and female 177+111+190+132=610, each one below D01; no missing/other row or explanatory footnote is displayed. - Verify: Re-add D04 Period 3 sex counts and all augmented-period sex counts; reconcile with the D01 denominator and totals, or disclose/correct an omitted category."
jama.2025.9110,2,Minor,Arithmetic inconsistency,Protocol-deviation participant percentage matches the event count,Supplementary table,Count/percentage arithmetic,jama.2025.9110/.ai_paper_validation/final_report.md,"### 2. Protocol-deviation participant percentage matches the event count - Category / severity: Arithmetic inconsistency / Minor. - Location: D04, PDF p. 16, eTable 8, Total protocol deviations, Augmented Protein. - Compared values: n=1681; participants with at least one event 151 (9.4); events 158. - Basis: 151/1681 × 100 = 9.0% (one decimal); 158/1681 × 100 = 9.4%. The displayed percentage beside participant count matches the event count. - Verify: Recalculate both percentages and confirm whether the participant entry should be 151 (9.0%)."
jama.2025.9110,3,Minor,Presentation inconsistency,Figure 1 uses patient-level randomization wording although ICUs were randomized,Flow diagram,Summary-statistic/unit label; Participant-flow wording,jama.2025.9110/.ai_paper_validation/final_report.md,"### 3. Figure 1 uses patient-level randomization wording although ICUs were randomized - Category / severity: Presentation inconsistency / Minor. - Location: D01, PDF p. 3, Figure 1, four patient-count treatment boxes; compare D01, PDF p. 2, Design/Trial Procedures, and p. 8, Limitations. - Compared statements: Figure 1 states patient counts “Randomized to” augmented/usual protein, including primary-analysis boxes. Methods states the trial was cluster randomized and “ICUs were randomly assigned”; Limitations states randomization occurred at cluster rather than patient level. - Basis: The box wording attributes randomization to patients while the stated randomization unit is the ICU/cluster. This addresses terminology only, not the counts or allocation process. - Verify: Compare the box labels with the stated randomization unit; assess changing “Randomized to” to assigned/allocated or equivalent cluster-period wording."
jama.2025.9110,4,Minor,Statistical reporting inconsistency,Bayesian primary-outcome row labels median/IQR values as mean (SD),Supplementary figure; Other main table,Effect measure/model label; Summary-statistic/unit label; Duplicate/transposed content,jama.2025.9110/.ai_paper_validation/final_report.md,"### 4. Bayesian primary-outcome row labels median/IQR values as mean (SD) - Category / severity: Statistical reporting inconsistency / Minor. - Location: D01, PDF p. 7, Table 2, primary outcome secondary-analysis Bayesian quantile mixed-model row; compare D04, PDF p. 27, eFigure 6. - Compared values/statements: The row label ends mean (SD), but cells are 62.0 (0 to 77) and 64.0 (0 to 77) with Median difference, -1.50 (-3.86 to 0.90). The row above labels the same summaries median (IQR); eFigure 6 labels Median Difference: -1.50 (95% CrI: -3.86, 0.90). - Basis: The repeated center and quartile endpoints, model name, and effect label identify median/IQR summaries, inconsistent with mean (SD). - Verify: Compare the two Table 2 rows and eFigure 6; confirm whether the Bayesian row should read median (IQR)."
jama.2025.9110,5,Minor,Cross-document inconsistency,Ventilation group summaries are labeled mean (SD) although the supplement identifies median (IQR),Supplementary table,Effect measure/model label; Summary-statistic/unit label,jama.2025.9110/.ai_paper_validation/final_report.md,"### 5. Ventilation group summaries are labeled mean (SD) although the supplement identifies median (IQR) - Category / severity: Cross-document inconsistency / Minor. - Location: D01, PDF p. 7, Table 2, Duration of invasive ventilation; compare D04, PDF p. 18, eTable 10/footer, and p. 4, eMethods. - Compared values/statements: D01 label: mean (SD), h; cells: 84.0 (35.0 to 178.9) and 78.0 (33.2 to 161.0). D04 eTable 10 footer: “Data presented as median (IQR) or n (%).” D04 eMethods reserves “difference in means” for the model treatment effect. - Basis: D01 displays a center plus two endpoints, while the supplement identifies the descriptive format as median/IQR; the model-based mean difference is a distinct measure. - Verify: Compare the D01 label/cells with the D04 footer and eMethods; determine whether the group-summary label should be median (IQR)."
jama.2025.9110,6,Minor,Presentation inconsistency,Table 2 directs eFigure 6 to Supplement 1 although it is in Supplement 3,Narrative/abstract; Supplementary figure; Other main table,Effect measure/model label; Cross-reference/citation; Footnote/title/caption/legend,jama.2025.9110/.ai_paper_validation/final_report.md,"### 6. Table 2 directs eFigure 6 to Supplement 1 although it is in Supplement 3 - Category / severity: Presentation inconsistency / Minor. - Location: D01, PDF p. 7, Table 2 footnote f; compare D01, PDF p. 4, Primary Outcome, and D04, PDF p. 27, eFigure 6. - Compared statements: Footnote f: “Bayesian model diagram is shown in eFigure 6 in Supplement 1.” D01 Primary Outcome places eFigures 5 and 6 in Supplement 3; D04 is Supplement 3 and contains “eFigure 6: Bayesian model analysis.” - Basis: The Table 2 document locator conflicts with the Results text and actual supplied location. - Verify: Confirm the three locators; change Supplement 1 to Supplement 3 if intended."
jama.2025.9663,C1,Minor,Cross-document inconsistency,Incorrect supplementary-figure citation for time to death,Narrative/abstract; Supplementary figure; Other figure,Denominator/population; CI/point-estimate compatibility; P value/test labeling; Effect measure/model label; Cross-reference/citation,jama.2025.9663/.ai_paper_validation/final_report.md,"### C1 — Incorrect supplementary-figure citation for time to death - Category / severity: Cross-document inconsistency / Minor. - Exact location: Main article, PDF p. 6, Results, ""Primary and Secondary Outcomes""; results supplement, PDF pp. 11-12, eFigures 4-5. - Compared statements: The main text reports time to death, adjusted HR 1.01 (95% CI, 0.96-1.05), and cites ""eFigure 4 in Supplement 2."" eFigure 4 (supplement p. 11) shows FiO2/SpO2 separation. eFigure 5 (p. 12) is the Kaplan-Meier all-cause mortality plot and reports HR 1.01 (95% CI, 0.96-1.05; P=.82). - Basis: The main-text estimate matches eFigure 5, not eFigure 4. - Verification: Compare main-article p. 6 with supplement pp. 11-12 and confirm that the citation should identify eFigure 5."
jama.2025.9663,C2,Minor,Presentation inconsistency,UK-ROX achieved-oxygenation summary does not identify its metric-specific source-row change,Narrative/abstract; Supplementary table,Count/percentage arithmetic,jama.2025.9663/.ai_paper_validation/final_report.md,"### C2 — UK-ROX achieved-oxygenation summary does not identify its metric-specific source-row change - Category / severity: Presentation inconsistency / Minor. - Exact location: Results supplement, PDF p. 27, eTable 10; PDF p. 21, eTable 5; main article, PDF p. 6, ""Oxygen Exposure."" - Compared values: eTable 10 gives UK-ROX SpO2 93.3% vs 95.2%, PaO2 71.5 vs 79.5 mm Hg, and FiO2 0.31 vs 0.35. eTable 5 gives overall vs oxygen-only values: SpO2 93.3% vs 95.1% / 93.3% vs 95.2%; PaO2 71.5 vs 79.5 / 73.8 vs 81.4 mm Hg; FiO2 0.31 vs 0.35 / 0.35 vs 0.37. The main text reports the overall pairs. - Basis: eTable 10 uses the oxygen-only SpO2 pair but the overall PaO2 and FiO2 pairs without identifying the metric-specific analytic subset. No numeric value is established as wrong. - Verification: Compare eTable 10 with both eTable 5 rows; confirm the intended source row for each metric and label the subset explicitly or harmonize the rows."
jama.2025.9663,C4,Minor,Presentation inconsistency,HOT-ICU publication year is truncated,Supplementary table,Denominator/population,jama.2025.9663/.ai_paper_validation/final_report.md,"### C4 — HOT-ICU publication year is truncated - Category / severity: Presentation inconsistency / Minor. - Exact location: Results supplement, PDF p. 27, eTable 10, ""Year published,"" HOT-ICU column. - Compared values: HOT-ICU is 202; adjacent trial entries are 2025, 2024, 2023, 2022, 2021, and 2020. - Basis: 202 is a three-digit entry in a four-digit-year row; the supplied documents do not establish the missing digit. - Verification: Check the production/source table and replace 202 with the intended four-digit year."
jama.2025.9663,C5,Minor,Presentation inconsistency,FiO2 fractions are mislabeled as percentages in eTable 6,Supplementary table,Count/percentage arithmetic; Summary-statistic/unit label,jama.2025.9663/.ai_paper_validation/final_report.md,"### C5 — FiO2 fractions are mislabeled as percentages in eTable 6 - Category / severity: Presentation inconsistency / Minor. - Exact location: Results supplement, PDF p. 22, eTable 6; comparison: PDF p. 21, eTable 5, and PDF p. 27, eTable 10. - Compared values/statements: eTable 6 labels ""Patient median FiO2, %"" and ""Patient median FiO2 when receiving O2, %"" while displaying fractions including 0.32 vs 0.35, 0.30 vs 0.35, 0.36 vs 0.37, and 0.34 vs 0.37. eTable 5 omits percent signs and uses the fractional scale; eTable 10 defines FiO2 as fraction of inspired oxygen and reports fractions such as 0.31 and 0.35. - Basis: The displayed scale is fractional, while the eTable 6 labels assign percent units. - Verification: Confirm removal of the two percent signs. If percent units were intended, verify consistent conversion of all associated values and differences."
jama.2025.9663,C6,Minor,Presentation inconsistency,PILOT recruitment-date asterisk is undefined,Supplementary table,Count/percentage arithmetic; Footnote/title/caption/legend,jama.2025.9663/.ai_paper_validation/final_report.md,"### C6 — PILOT recruitment-date asterisk is undefined - Category / severity: Presentation inconsistency / Minor. - Exact location: Results supplement, PDF p. 27, eTable 10, PILOT ""Recruitment dates"" and table footnotes. - Compared statements: Recruitment dates are 07/2018 to 08/2021*. The footnote area defines only superscript a for ""Achieved oxygenation""; it has no asterisked note or legend. - Basis: The visible annotation marker has no corresponding explanation. - Verification: Check the production/source table; restore the omitted asterisk note or remove the marker if unintended."
jamasurg.2025.4929,F-01,Major,Statistical reporting inconsistency,Internally incompatible pN N3 regression row,Supplementary table,Count/percentage arithmetic; CI/point-estimate compatibility; P value/test labeling,jamasurg.2025.4929/.ai_paper_validation/final_report.md,"## F-01 — Internally incompatible pN N3 regression row - Category: Statistical reporting inconsistency - Severity: Major - Location: DOC-003, PDF p. 3, eTable 2, pN/N3 row; cross-check DOC-001, PDF p. 7, Table 4. - Compared values: N0 10/51 (19.6%); N1-2 16/83 (19.3%); N3 29/74 (25.7%), OR 0.431 (95% CI, 0.60-3.37), P=.431; Table 4 total morbidity 23 + 22 = 45. - Calculation/logical basis: 29/74 = 39.2%; pN events total 10 + 16 + 29 = 55, not 45; OR 0.431 lies outside the printed CI and conflicts directionally with the displayed rates. - Verification instruction: Check source regression output and table-production cells for the N3 numerator, percentage, OR, CI, and P value; do not infer replacements."
jamasurg.2025.4929,F-02,Minor,Statistical reporting inconsistency,Age-row percentage and univariate OR do not reproduce,Supplementary table,Denominator/population; Count/percentage arithmetic; P value/test labeling; Effect measure/model label; Duplicate/transposed content,jamasurg.2025.4929/.ai_paper_validation/final_report.md,"## F-02 — Age-row percentage and univariate OR do not reproduce - Category: Statistical reporting inconsistency - Severity: Minor - Location: DOC-003, PDF p. 3, eTable 2, Age. - Compared values: <60: 13/88 (14.8%), reference; ≥60: 32/120 (27.7%), OR 2.28 (1.12-4.64), P=.040. - Calculation/logical basis: 32/120 = 26.7%; displayed cells yield OR (32/88)/(13/75) = 2.10, not 2.28. - Verification instruction: Compare the cells with source univariate output and confirm identical coding and analysis set."
jamasurg.2025.4929,F-03,Minor,Statistical reporting inconsistency,Five additional univariate ORs do not reproduce,Supplementary table,Denominator/population; Count/percentage arithmetic; Effect measure/model label,jamasurg.2025.4929/.ai_paper_validation/final_report.md,"## F-03 — Five additional univariate ORs do not reproduce - Category: Statistical reporting inconsistency - Severity: Minor - Location: DOC-003, PDF p. 3, eTable 2, Sex, Approach, BMI, Comorbidity, and ASA blocks. - Compared values: Reported versus displayed-cell ORs: Sex 0.97 vs 0.903; Approach 0.85 vs 0.945; BMI 0.64 vs 0.593; Comorbidity 3.10 vs 2.853; ASA grade 3 2.76 vs 2.512. - Calculation/logical basis: Recalculation from each displayed two-level categorical event/denominator cell set produces the listed displayed-cell ORs. - Verification instruction: Compare each categorical cell set with source univariate output and document any intended coding or analysis-set difference."
jamasurg.2025.4929,F-04,Major,Cross-document inconsistency,Main text presents a univariate approach estimate as multivariable,Narrative/abstract; Supplementary table,CI/point-estimate compatibility; P value/test labeling; Effect measure/model label; Duplicate/transposed content,jamasurg.2025.4929/.ai_paper_validation/final_report.md,"## F-04 — Main text presents a univariate approach estimate as multivariable - Category: Cross-document inconsistency - Severity: Major - Location: DOC-001, PDF p. 6, “Risk Factors Related to Postoperative Morbidity”; DOC-003, PDF p. 3, eTable 2, Approach. - Compared statements: DOC-001 introduces multivariate analyses and characterizes approach as an independent-predictor result: OR 0.85 (95% CI, 0.44-1.63), P=.62. DOC-003 places the identical estimate under Univariate and leaves multivariable cells blank. - Calculation/logical basis: The same estimate is assigned to incompatible analysis labels across the supplied documents. - Verification instruction: Check the final multivariable model and determine whether the main-text characterization or table placement is incorrect."
jamasurg.2025.4929,F-05,Minor,Presentation inconsistency,CONSORT refusal label conflicts with postrandomization placement,Narrative/abstract; Flow diagram,Participant-flow wording,jamasurg.2025.4929/.ai_paper_validation/final_report.md,"## F-05 — CONSORT refusal label conflicts with postrandomization placement - Category: Presentation inconsistency - Severity: Minor - Location: DOC-001, PDF p. 3, CONSORT Figure; related flow prose, PDF p. 4. - Compared statements: The figure shows all 240 participants willing to consent and randomized, then labels exclusions of 3 LDG and 2 ODG participants “Refused trial enrollment.” The prose describes patients who “refused or withdrew.” - Calculation/logical basis: Counts reconcile, but the refusal label is positioned after consent and randomization, creating an internally confusing sequence. - Verification instruction: Confirm the intended postrandomization disposition and align the figure label with the prose."
